city,area,latitude,longitude,pincode,aqi,wqi,wqi_category,congestion,local_congestion,hdi_rank,sqft_price,supermarket,store,park,playground,hospital,school,library,voter_turnout
Bengaluru,Parasina Palya,12.8,77.436979,,18,89.37314815,Very Poor,1.521384,1.014714273,24,6.4,0,0,2,1,0,1,1,53.38
Bengaluru,Malle Nalsandra,12.8,77.603387,,68,89.37314815,Very Poor,1.521384,1.072190419,24,10.92,0,15,4,2,0,2,6,53.38
Bengaluru,Koppa Gate,12.8,77.621877,,68,89.37314815,Very Poor,1.521384,1.119053122,24,4,1,2,5,1,6,5,6,53.38
Bengaluru,Nanjapura,12.8,77.640367,,93,89.37314815,Very Poor,1.521384,1.106785612,24,8.06,0,1,6,0,0,1,7,53.38
Bengaluru,Bommasandra Industrial Area,12.8,77.658856,,93,89.37314815,Very Poor,1.521384,1.270401763,24,7.5,1,10,5,0,5,4,5,53.38
Bengaluru,RK Township,12.8,77.677346,,93,89.37314815,Very Poor,1.521384,1.254124554,24,4.28,0,1,14,0,1,15,2,53.38
Bengaluru,Terracon Doctors Enclave,12.8,77.714325,,112,89.37314815,Very Poor,1.521384,1.174077858,24,7.53,2,29,3,3,13,29,2,54.16
Bengaluru,Guddahatti,12.8,77.732815,,112,89.37314815,Very Poor,1.521384,1.098698389,24,9.19,1,1,7,1,1,5,3,54.16
Bengaluru,KHB 3rd Phase,12.8,77.751305,,112,89.37314815,Very Poor,1.521384,1.001939467,24,8.94,0,0,4,0,1,0,3,54.16
Bengaluru,Jigala,12.8,77.769795,,112,89.37314815,Very Poor,1.521384,1.102954225,24,9.91,0,0,3,2,0,0,2,54.16
Bengaluru,Bidaraguppe,12.8,77.788284,,112,89.37314815,Very Poor,1.521384,1.063139257,24,5.22,1,1,0,0,1,5,2,54.16
Bengaluru,Chinnakurchi,12.818018,77.473959,,55,89.37314815,Very Poor,1.521384,0.980320279,24,11.32,0,0,3,0,0,1,7,53.38
Bengaluru,Bilwaradahalli,12.818018,77.566408,,68,89.37314815,Very Poor,1.521384,1.02452278,24,12.43,0,1,6,0,0,1,2,53.38
Bengaluru,Gollahalli,12.818018,77.584897,,68,89.37314815,Very Poor,1.521384,1.114091128,24,8.92,1,6,7,1,6,13,4,53.38
Bengaluru,Vabasandra,12.818018,77.640367,,93,89.37314815,Very Poor,1.521384,1.119257062,24,6,0,4,9,1,0,4,9,53.38
Bengaluru,Bommasandra Industrial Area,12.818018,77.658856,,93,89.37314815,Very Poor,1.521384,1.231290398,24,7.5,3,4,9,8,5,16,8,53.38
Bengaluru,Bommasandra Industrial Area,12.818018,77.677346,,93,89.37314815,Very Poor,1.521384,1.513324723,24,7.5,3,7,6,0,14,10,5,53.38
Bengaluru,Bommasandra Industrial Area,12.818018,77.695836,,93,89.37314815,Very Poor,1.521384,1.222855373,24,7.5,0,18,10,3,15,5,3,54.16
Bengaluru,Ali Bommasandra,12.818018,77.732815,,112,89.37314815,Very Poor,1.521384,1.110424983,24,7.5,1,0,8,3,0,2,2,54.16
Bengaluru,Muthanallur Amanikere,12.818018,77.751305,,112,89.37314815,Very Poor,1.521384,0.976211127,24,9.19,0,0,3,2,0,3,4,54.16
Bengaluru,BEML Cooperative Society Layout,12.818018,77.769795,,112,89.37314815,Very Poor,1.521384,1.008178102,24,5.12,0,1,2,0,1,1,5,54.16
Bengaluru,BEML Cooperative Society Layout,12.818018,77.788284,,112,89.37314815,Very Poor,1.521384,1.031789598,24,5.12,0,0,9,0,0,3,3,54.16
Bengaluru,Kumbalgodu State Forest,12.836036,77.4,,18,89.37314815,Very Poor,1.521384,1.001372653,24,9.51,0,3,4,1,0,1,3,53.38
Bengaluru,Vasanthanahalli,12.836036,77.455469,,55,89.37314815,Very Poor,1.521384,0.996055495,24,10.43,0,0,0,1,3,4,7,53.38
Bengaluru,Bettadasanapura,12.836036,77.640367,,93,89.37314815,Very Poor,1.521384,1.225490997,24,7.59,3,3,10,5,9,31,9,53.38
Bengaluru,Indra Nagar,12.836036,77.658856,,93,89.37314815,Very Poor,1.521384,1.365306593,24,13.15,5,23,39,13,8,34,8,54.16
Bengaluru,Veer Sandra,12.836036,77.677346,,93,89.37314815,Very Poor,1.521384,1.475278191,24,8.51,3,40,14,9,15,18,6,54.16
Bengaluru,Shree Ananth Nagar Layout,12.836036,77.695836,,93,89.37314815,Very Poor,1.521384,1.231168877,24,5.16,9,119,21,2,12,53,4,54.16
Bengaluru,Singena Agrahara,12.836036,77.714325,,93,89.37314815,Very Poor,1.521384,1.110133777,24,8.06,0,0,3,1,0,3,1,54.16
Bengaluru,Muthanallur,12.836036,77.732815,,112,89.37314815,Very Poor,1.521384,1.054252909,24,9.01,0,0,5,2,3,7,3,54.16
Bengaluru,Gopasandra,12.836036,77.751305,,112,89.37314815,Very Poor,1.521384,0.990360962,24,19.52,0,0,5,3,0,1,6,54.16
Bengaluru,"Kotiganahalli, Karnataka 562125, India",12.836036,77.769795,,112,89.37314815,Very Poor,1.521384,1.02270131,24,8.58,0,2,2,0,0,3,7,54.16
Bengaluru,Billapura,12.836036,77.788284,,112,89.37314815,Very Poor,1.521384,1.046214128,24,8.81,0,9,4,2,2,14,5,54.16
Bengaluru,Kumbalgodu State Forest,12.854054,77.4,,18,89.37314815,Very Poor,1.521384,0.956247014,24,9.51,0,0,0,0,0,0,2,53.38
Bengaluru,Gudimavu,12.854054,77.455469,,55,89.37314815,Very Poor,1.521384,1.051916837,24,8,0,2,2,1,2,2,8,53.38
Bengaluru,Kamiahnapalya,12.854054,77.473959,,55,89.37314815,Very Poor,1.521384,1.031319607,24,2,0,1,1,0,0,6,7,53.38
Bengaluru,Siddanapalya,12.854054,77.492449,,55,89.37314815,Very Poor,1.521384,1.040592014,24,7.8,0,0,3,0,0,0,7,53.38
Bengaluru,Rachanamadu,12.854054,77.510938,,48,89.37314815,Very Poor,1.521384,1.056357452,24,10.46,0,0,1,1,2,7,7,53.38
Bengaluru,Anjanapura 9th Block,12.854054,77.566408,,68,89.37314815,Very Poor,1.521384,1.096798071,24,6.4,1,1,14,0,5,14,6,53.38
Bengaluru,Gottigere,12.854054,77.584897,,68,89.37314815,Very Poor,1.521384,1.395228025,24,7.5,3,59,15,2,24,40,7,53.38
Bengaluru,Eagle Ridge,12.854054,77.603387,,68,89.37314815,Very Poor,1.521384,1.230884475,24,13.25,2,1,3,5,9,41,10,53.38
Bengaluru,Mylasandra,12.854054,77.621877,,93,89.37314815,Very Poor,1.521384,1.178373139,24,4.29,1,12,6,0,0,12,12,53.38
Bengaluru,Vittasandra,12.854054,77.640367,,93,89.37314815,Very Poor,1.521384,1.234787122,24,5.78,1,15,10,5,2,19,9,54.16
Bengaluru,Konappana Agrahara,12.854054,77.658856,,93,89.37314815,Very Poor,1.521384,1.446507027,24,8.17,3,25,41,10,28,21,10,54.16
Bengaluru,Phase II,12.854054,77.677346,,93,89.37314815,Very Poor,1.521384,1.414591152,24,10.19,11,43,19,6,12,33,8,54.16
Bengaluru,Gulimangala,12.854054,77.695836,,93,89.37314815,Very Poor,1.521384,1.168632953,24,5.44,1,0,3,3,0,4,7,54.16
Bengaluru,Harohalli,12.854054,77.714325,,93,89.37314815,Very Poor,1.521384,1.100172446,24,13.31,0,5,2,1,1,3,4,54.16
Bengaluru,Kada Agrahara,12.854054,77.751305,,112,89.37314815,Very Poor,1.521384,1.091803111,24,11,0,0,1,5,0,1,6,54.16
Bengaluru,Sree Narayana Nagar,12.854054,77.769795,,112,89.37314815,Very Poor,1.521384,1.203168013,24,6.06,2,0,6,4,0,9,5,54.16
Bengaluru,Sarjapur,12.854054,77.788284,,112,89.37314815,Very Poor,1.521384,1.210580819,24,10.8,2,1,9,3,11,8,5,54.16
Bengaluru,Kumbalgodu State Forest,12.872072,77.4,,55,41.54537037,Good,1.521384,0.974413103,24,9.51,0,0,1,0,0,0,3,68.52
Bengaluru,Kumbalgodu State Forest,12.872072,77.41849,,55,89.37314815,Very Poor,1.521384,1.00504142,24,9.51,0,0,4,0,0,3,6,53.38
Bengaluru,Kengeri,12.872072,77.455469,,55,89.37314815,Very Poor,1.521384,1.173372043,24,7.83,0,3,4,1,1,8,8,53.38
Bengaluru,Venkatapura,12.872072,77.473959,,55,89.37314815,Very Poor,1.521384,1.09568367,24,10.03,1,4,7,3,2,2,9,53.38
Bengaluru,Banashankari Stage 6,12.872072,77.510938,,55,89.37314815,Very Poor,1.521384,1.076118426,24,7.61,1,1,4,0,3,4,7,53.38
Bengaluru,Vajarahalli Village,12.872072,77.547918,,48,89.37314815,Very Poor,1.521384,1.366872603,24,9.25,5,2,27,3,13,27,13,53.38
Bengaluru,Classic Orchards Layout,12.872072,77.584897,,68,89.37314815,Very Poor,1.521384,1.324888234,24,15.8,11,57,20,3,15,36,21,53.38
Bengaluru,Hulimavu,12.872072,77.603387,,62,89.37314815,Very Poor,1.521384,1.350382933,24,11.58,4,12,5,5,17,26,18,54.16
Bengaluru,Akshaya Residency,12.872072,77.621877,,87,89.37314815,Very Poor,1.521384,1.371248121,24,4.25,5,19,11,6,20,40,21,54.16
Bengaluru,MM Layout,12.872072,77.640367,,87,89.37314815,Very Poor,1.521384,1.286233401,24,13.56,6,87,6,4,9,25,24,54.16
Bengaluru,Naganathapura,12.872072,77.658856,,87,89.37314815,Very Poor,1.521384,1.470321599,24,9.99,8,183,16,9,34,40,19,54.16
Bengaluru,Rayasandra,12.872072,77.677346,,87,89.37314815,Very Poor,1.521384,1.470321599,24,8.91,3,9,3,1,4,25,17,54.16
Bengaluru,Gattahalli,12.872072,77.695836,,87,89.37314815,Very Poor,1.521384,1.470321599,24,9.87,0,0,8,1,2,6,12,54.16
Bengaluru,Chokkasandra,12.872072,77.714325,,87,89.37314815,Very Poor,1.521384,1.095883847,24,10.61,0,0,3,2,0,6,8,54.16
Bengaluru,Chokkasandra,12.872072,77.732815,,87,89.37314815,Very Poor,1.521384,1.105942174,24,10.61,0,0,5,3,0,6,7,54.16
Bengaluru,Dommasandra,12.872072,77.751305,,87,89.37314815,Very Poor,1.521384,1.145113716,24,9.25,0,2,9,7,8,6,6,54.16
Bengaluru,Ittangur,12.872072,77.788284,,87,89.37314815,Very Poor,1.521384,1.186345208,24,5.08,0,0,2,0,0,2,4,54.16
Bengaluru,"Rampura, Karnataka 562130, India",12.89009,77.4,,52,41.54537037,Good,1.521384,0.977540022,24,2.5,0,2,3,0,0,2,1,68.52
Bengaluru,Chikkellur,12.89009,77.41849,,52,89.37314815,Very Poor,1.521384,1.041196447,24,1500,0,1,6,0,0,2,4,53.38
Bengaluru,Kengeri,12.89009,77.455469,,52,89.37314815,Very Poor,1.521384,1.124485399,24,7.83,0,33,4,2,4,11,8,53.38
Bengaluru,Doddabele colony,12.89009,77.473959,,52,89.37314815,Very Poor,1.521384,1.145394803,24,13.4,1,14,4,1,1,13,19,53.38
Bengaluru,Jettigana Halli,12.89009,77.492449,,52,89.37314815,Very Poor,1.521384,1.112186382,24,9.89,0,0,7,3,2,8,18,53.38
Bengaluru,Ganakal Village,12.89009,77.510938,,52,89.37314815,Very Poor,1.521384,1.09631763,24,9.39,0,1,7,1,1,4,20,53.38
Bengaluru,Vasanthapura,12.89009,77.547918,,38,89.37314815,Very Poor,1.521384,1.406732589,24,7,5,8,15,6,24,28,25,53.38
Bengaluru,Ganapathipura,12.89009,77.566408,,38,89.37314815,Very Poor,1.521384,1.626221579,24,10.49,9,35,12,3,57,67,39,53.38
Bengaluru,Wilson Garden Society,12.89009,77.584897,,62,89.37314815,Very Poor,1.521384,1.55165469,24,19,13,37,30,8,48,84,43,54.16
Bengaluru,Sarvabhoumanagar,12.89009,77.603387,,62,89.37314815,Very Poor,1.521384,1.531764941,24,12.52,4,119,53,11,93,81,47,54.16
Bengaluru,Maruthi Layout,12.89009,77.621877,,87,89.37314815,Very Poor,1.521384,1.468048922,24,13.91,17,108,28,8,43,93,39,54.16
Bengaluru,Krishna Reddy Industrial Area,12.89009,77.640367,,87,89.37314815,Very Poor,1.521384,1.460754838,24,9.53,6,95,14,8,21,45,33,54.16
Bengaluru,Haralur,12.89009,77.658856,,87,89.37314815,Very Poor,1.521384,1.398077545,24,10.39,9,30,17,6,13,46,25,54.16
Bengaluru,Choodasandra,12.89009,77.677346,,87,89.37314815,Very Poor,1.521384,1.364703379,24,9.84,2,27,21,6,4,37,19,54.16
Bengaluru,Chikkakannalli,12.89009,77.695836,,87,89.37314815,Very Poor,1.521384,1.186265839,24,13.7,2,5,8,5,1,10,15,54.16
Bengaluru,Sulikunte,12.89009,77.732815,,87,89.37314815,Very Poor,1.521384,1.221439821,24,6.3,2,9,9,3,5,11,6,54.16
Bengaluru,Hegondanahalli,12.89009,77.751305,,87,89.37314815,Very Poor,1.521384,1.15583909,24,8.79,3,11,1,0,10,12,6,54.16
Bengaluru,Baby Farms,12.908108,77.4,,50,41.54537037,Good,1.521384,1.030208621,24,5.4,1,2,13,3,1,3,1,68.52
Bengaluru,Baby Farms,12.908108,77.4,,50,41.54537037,Good,1.521384,1.030208621,24,5.4,1,2,13,3,1,3,1,68.52
Bengaluru,BSM Extension,12.908108,77.473959,,50,89.37314815,Very Poor,1.521384,1.317595277,24,4.45,2,12,7,3,8,20,20,53.38
Bengaluru,BSM Extension,12.908108,77.473959,,50,89.37314815,Very Poor,1.521384,1.317595277,24,4.45,2,12,7,3,8,20,20,53.38
Bengaluru,Hemmigepura Ward 198,12.908108,77.510938,,50,89.37314815,Very Poor,1.521384,1.297039016,24,9.15,9,34,15,3,17,27,29,53.38
Bengaluru,Hemmigepura Ward 198,12.908108,77.510938,,50,89.37314815,Very Poor,1.521384,1.297039016,24,9.15,9,34,15,3,17,27,29,53.38
Bengaluru,Vaddara Palya,12.908108,77.529428,,50,89.37314815,Very Poor,1.521384,1.297039016,24,6.4,2,17,25,4,21,41,43,53.38
Bengaluru,Vaddara Palya,12.908108,77.529428,,50,89.37314815,Very Poor,1.521384,1.339706497,24,6.4,2,17,25,4,21,41,43,53.38
Bengaluru,Vajpayee Nagar,12.908108,77.547918,,36,89.37314815,Very Poor,1.521384,1.297039016,24,10.25,11,176,27,10,45,79,62,54.16
Bengaluru,Vajpayee Nagar,12.908108,77.547918,,36,89.37314815,Very Poor,1.521384,1.543298449,24,10.25,11,176,27,10,45,79,62,54.16
Bengaluru,1st Phase,12.908108,77.584897,,61,89.37314815,Very Poor,1.521384,1.669940252,24,7.39,16,90,35,8,72,83,85,54.16
Bengaluru,1st Phase,12.908108,77.584897,,61,89.37314815,Very Poor,1.521384,1.669940252,24,7.39,16,90,35,8,72,83,85,54.16
Bengaluru,Dollar Layout,12.908108,77.603387,,61,89.37314815,Very Poor,1.521384,1.669940252,24,13.34,18,202,47,7,70,101,88,54.16
Bengaluru,Dollar Layout,12.908108,77.603387,,61,89.37314815,Very Poor,1.521384,1.625484264,24,13.34,18,202,47,7,70,101,88,54.16
Bengaluru,Roopena Agrahara,12.908108,77.621877,,87,89.37314815,Very Poor,1.521384,1.669940252,24,11.69,7,143,38,2,40,42,60,54.16
Bengaluru,Roopena Agrahara,12.908108,77.621877,,87,89.37314815,Very Poor,1.521384,1.575521843,24,11.69,7,143,38,2,40,42,60,54.16
Bengaluru,Kasavanahalli,12.908108,77.677346,,87,89.37314815,Very Poor,1.521384,1.743569337,24,13.88,12,90,16,8,19,39,21,54.16
Bengaluru,Kasavanahalli,12.908108,77.677346,,87,89.37314815,Very Poor,1.521384,1.743569337,24,13.88,12,90,16,8,19,39,21,54.16
Bengaluru,Janatha Colony,12.908108,77.695836,,87,89.37314815,Very Poor,1.521384,1.494393301,24,6.74,0,145,7,3,12,31,15,54.16
Bengaluru,Janatha Colony,12.908108,77.695836,,87,89.37314815,Very Poor,1.521384,1.494393301,24,6.74,0,145,7,3,12,31,15,54.16
Bengaluru,Chikkabellandur,12.908108,77.714325,,87,89.37314815,Very Poor,1.521384,1.204197609,24,11,1,4,9,5,7,9,11,54.16
Bengaluru,Chikkabellandur,12.908108,77.714325,,87,89.37314815,Very Poor,1.521384,1.204197609,24,11,1,4,9,5,7,9,11,54.16
Bengaluru,Kachamaranahalli,12.908108,77.732815,,87,89.37314815,Very Poor,1.521384,1.145796358,24,8.96,0,3,2,3,0,4,9,54.16
Bengaluru,Kachamaranahalli,12.908108,77.732815,,87,89.37314815,Very Poor,1.521384,1.145796358,24,8.96,0,3,2,3,0,4,9,54.16
Bengaluru,Hegondanahalli,12.908108,77.751305,,87,89.37314815,Very Poor,1.521384,1.146211418,24,8.79,0,0,5,2,2,4,3,54.16
Bengaluru,Hegondanahalli,12.908108,77.751305,,87,89.37314815,Very Poor,1.521384,1.146211418,24,8.79,0,0,5,2,2,4,3,54.16
Bengaluru,SMV Layout,12.926126,77.473959,,50,89.37314815,Very Poor,1.521384,1.138218647,24,10,2,11,6,2,2,13,18,53.38
Bengaluru,Gnanabharathi,12.926126,77.492449,,50,89.37314815,Very Poor,1.521384,1.345364157,24,8.02,10,42,20,7,27,36,32,53.38
Bengaluru,Kenchenhalli,12.926126,77.510938,,50,89.37314815,Very Poor,1.521384,1.399279777,24,10,7,19,18,3,32,50,76,53.38
Bengaluru,Bangarappanagar,12.926126,77.529428,,50,89.37314815,Very Poor,1.521384,1.401966397,24,14.3,4,25,11,0,10,28,109,54.16
Bengaluru,Ittamadu,12.926126,77.547918,,50,89.37314815,Very Poor,1.521384,1.734126196,24,6.14,10,157,56,7,55,92,118,54.16
Bengaluru,Siddanna Layout,12.926126,77.566408,,36,89.37314815,Very Poor,1.521384,1.487547042,24,10.04,8,185,36,3,79,70,101,54.16
Bengaluru,4th Block,12.926126,77.584897,,36,89.37314815,Very Poor,1.521384,1.674087476,24,11.87,10,286,66,13,97,75,102,54.16
Bengaluru,Bismillahnagar,12.926126,77.603387,,61,89.37314815,Very Poor,1.521384,1.576257086,24,17.91,13,156,34,6,82,86,100,54.16
Bengaluru,S.T. Bed,12.926126,77.621877,,87,89.37314815,Very Poor,1.521384,1.628703488,24,15.85,4,21,41,10,58,50,69,54.16
Bengaluru,Block 1,12.926126,77.640367,,87,89.37314815,Very Poor,1.521384,1.479783073,24,9.08,6,46,33,3,30,30,49,54.16
Bengaluru,Bellandur,12.926126,77.677346,,87,89.37314815,Very Poor,1.521384,1.497205046,24,15.93,8,153,15,5,18,21,25,54.16
Bengaluru,Bhoganhalli,12.926126,77.695836,,87,89.37314815,Very Poor,1.521384,1.515779923,24,8.3,4,59,21,11,9,18,16,54.16
Bengaluru,Bhoganhalli,12.926126,77.714325,,87,89.37314815,Very Poor,1.521384,1.302560613,24,8.3,0,1,4,1,0,3,16,54.16
Bengaluru,Gunjur Village,12.926126,77.732815,,87,89.37314815,Very Poor,1.521384,1.198127372,24,12.67,4,1,9,8,5,30,12,54.16
Bengaluru,Janthagondahalli,12.926126,77.788284,,87,89.37314815,Very Poor,1.521384,1.002756594,24,10.35,0,0,1,1,0,1,1,54.16
Bengaluru,Block 4,12.944144,77.473959,,50,36.64166667,Good,1.521384,1.10045929,24,17.62,1,43,18,4,5,16,24,54.64
Bengaluru,Jnanabharathi BDA Layout,12.944144,77.492449,,50,89.37314815,Very Poor,1.521384,1.27911479,24,9.08,7,137,22,4,30,52,64,53.38
Bengaluru,Gnana Bharathi,12.944144,77.510938,,50,89.37314815,Very Poor,1.521384,1.298564326,24,9.5,0,1,16,8,1,1,92,54.16
Bengaluru,Pantarapalya,12.944144,77.529428,,50,89.37314815,Very Poor,1.521384,1.402433138,24,9.25,1,29,13,3,32,26,126,54.16
Bengaluru,Muneshwara Block,12.944144,77.547918,,50,89.37314815,Very Poor,1.521384,1.510273856,24,11,15,230,26,9,60,100,142,54.16
Bengaluru,Gavipuram Extn,12.944144,77.566408,,23,89.37314815,Very Poor,1.521384,1.60802508,24,12.92,10,146,55,19,65,83,158,54.16
Bengaluru,Mavalli,12.944144,77.584897,,23,89.37314815,Very Poor,1.521384,1.676269523,24,18.06,5,42,43,3,91,57,112,54.16
Bengaluru,Pukhraj Layout,12.944144,77.603387,,23,89.37314815,Very Poor,1.521384,1.619458237,24,18.35,5,55,29,10,62,53,104,54.16
Bengaluru,KHB Games Village,12.944144,77.621877,,87,89.37314815,Very Poor,1.521384,1.525788861,24,17.42,16,77,37,14,60,64,77,54.16
Bengaluru,Ambedkar Nagar,12.944144,77.658856,,87,89.37314815,Very Poor,1.521384,1.230492738,24,7.08,0,0,0,0,1,3,36,54.16
Bengaluru,Belur Nagasandra,12.944144,77.677346,,87,89.37314815,Very Poor,1.521384,1.362873355,24,15.33,4,11,3,1,5,13,19,54.16
Bengaluru,Kadubeesanahalli,12.944144,77.695836,,87,89.37314815,Very Poor,1.521384,1.343590248,24,6.25,4,14,8,8,8,32,17,54.16
Bengaluru,Thubarahalli,12.944144,77.714325,,87,89.37314815,Very Poor,1.521384,1.348670598,24,6.98,9,16,5,3,12,39,14,54.16
Bengaluru,Varthur,12.944144,77.751305,,87,89.37314815,Very Poor,1.521384,1.387371924,24,9.91,4,71,7,4,21,31,9,54.16
Bengaluru,Kotur,12.944144,77.788284,,87,89.37314815,Very Poor,1.521384,1.036292825,24,10.93,0,0,6,1,2,5,1,54.16
Bengaluru,Kannahalli,12.962162,77.455469,,50,36.64166667,Good,1.521384,1.054302765,24,5.5,0,5,4,1,1,1,6,54.64
Bengaluru,sonnenna halli,12.962162,77.473959,,50,36.64166667,Good,1.521384,1.107267377,24,5.25,1,33,9,1,6,13,16,54.64
Bengaluru,Muneeshwara Block,12.962162,77.492449,,50,36.64166667,Good,1.521384,1.250808212,24,11,14,7,16,6,18,30,74,54.64
Bengaluru,2nd Stage,12.962162,77.510938,,50,36.64166667,Good,1.521384,1.408550862,24,8.14,5,111,42,14,44,52,98,54.16
Bengaluru,CHBS,12.962162,77.529428,,50,36.64166667,Good,1.521384,1.425851531,24,6.14,18,100,51,4,80,109,121,54.16
Bengaluru,Padarayana Pura,12.962162,77.547918,,50,36.64166667,Good,1.521384,1.576418301,24,17.56,9,369,24,2,83,94,156,54.16
Bengaluru,Anandapuram,12.962162,77.566408,,50,89.37314815,Very Poor,1.521384,1.677840726,24,19.71,18,108,25,10,89,82,170,54.16
Bengaluru,Sudhama Nagar,12.962162,77.584897,,23,89.37314815,Very Poor,1.521384,2.005911634,24,24.74,12,214,49,2,80,47,128,54.16
Bengaluru,Richmond Town,12.962162,77.603387,,23,89.37314815,Very Poor,1.521384,1.931018179,24,18.21,8,46,13,15,40,56,97,54.16
Bengaluru,Nagashettyhalli,12.962162,77.621877,,23,89.37314815,Very Poor,1.521384,1.61379969,24,16,8,4,14,8,36,31,70,54.16
Bengaluru,Domlur I Stage,12.962162,77.640367,,87,89.37314815,Very Poor,1.521384,1.713797016,24,19.7,12,113,35,12,47,48,46,54.16
Bengaluru,Nanja Reddy Colony,12.962162,77.658856,,87,89.37314815,Very Poor,1.521384,1.518030316,24,15.59,10,81,24,10,24,56,22,54.16
Bengaluru,Vimanapura,12.962162,77.677346,,87,89.37314815,Very Poor,1.521384,1.392771498,24,14.02,6,25,10,1,10,53,16,54.16
Bengaluru,Sanjay Nagar,12.962162,77.695836,,87,89.37314815,Very Poor,1.521384,1.492763988,24,16,7,3,12,5,34,41,17,54.16
Bengaluru,E Block,12.962162,77.714325,,87,89.37314815,Very Poor,1.521384,1.60448407,24,18.88,15,129,51,9,33,73,14,54.16
Bengaluru,Phase 1,12.962162,77.732815,,87,89.37314815,Very Poor,1.521384,1.595818892,24,8.32,5,20,35,8,9,35,12,54.16
Bengaluru,Prestige Ozone,12.962162,77.751305,,87,89.37314815,Very Poor,1.521384,1.443903881,24,10,3,13,5,5,28,45,10,54.16
Bengaluru,Honniganahatti,12.98018,77.41849,,50,41.54537037,Good,1.521384,1.059143426,24,6000,0,2,0,0,2,5,2,54.64
Bengaluru,IInd Phase,12.98018,77.473959,,50,36.64166667,Good,1.521384,1.29904671,24,7.88,2,10,10,2,15,29,10,54.64
Bengaluru,Anjana Nagar,12.98018,77.492449,,50,36.64166667,Good,1.521384,1.320892107,24,8.12,9,2,17,2,25,32,53,54.64
Bengaluru,BDA Layout,12.98018,77.510938,,50,36.64166667,Good,1.521384,1.372746362,24,4.73,4,112,23,14,54,57,90,54.64
Bengaluru,Ranganathapura,12.98018,77.529428,,50,36.64166667,Good,1.521384,1.433535353,24,18.44,8,78,41,5,77,88,115,54.16
Bengaluru,Rajaji Nagar Industrial Town,12.98018,77.547918,,50,36.64166667,Good,1.521384,1.615515042,24,16.62,14,34,38,20,102,82,145,54.16
Bengaluru,M.G. Railway Colony,12.98018,77.566408,,50,36.64166667,Good,1.521384,1.617345992,24,17.28,3,14,28,11,45,41,158,54.16
Bengaluru,Racecourse,12.98018,77.584897,,23,36.64166667,Good,1.521384,2.071222239,24,21.72,4,9,44,4,25,16,111,54.16
Bengaluru,Tasker Town,12.98018,77.603387,,23,36.64166667,Good,1.521384,1.84052448,24,19.38,13,181,63,8,68,51,78,54.16
Bengaluru,MV Garden,12.98018,77.621877,,23,36.64166667,Good,1.521384,1.634538725,24,20,2,23,22,10,28,40,56,54.16
Bengaluru,Binnamangala,12.98018,77.640367,,87,89.37314815,Very Poor,1.521384,1.611712329,24,8.28,6,177,30,6,68,43,36,54.16
Bengaluru,Viswa Vihar,12.98018,77.658856,,87,89.37314815,Very Poor,1.521384,1.595163822,24,6.67,3,11,16,9,11,35,28,54.16
Bengaluru,Balaji Layout,12.98018,77.677346,,87,89.37314815,Very Poor,1.521384,1.510835397,24,9.52,11,87,23,6,21,94,21,54.16
Bengaluru,Ferns City,12.98018,77.695836,,87,89.37314815,Very Poor,1.521384,1.420721786,24,5.26,4,33,8,15,15,23,17,54.16
Bengaluru,KIADB Export Promotion Industrial Area,12.98018,77.714325,,87,89.37314815,Very Poor,1.521384,1.44704111,24,8.03,2,6,24,6,6,18,15,54.16
Bengaluru,KIADB Export Promotion Industrial Area,12.98018,77.732815,,87,89.37314815,Very Poor,1.521384,1.595348251,24,8.03,3,50,16,1,31,17,12,54.16
Bengaluru,Whitefield,12.98018,77.751305,,87,89.37314815,Very Poor,1.521384,1.497984349,24,10,9,55,19,8,19,52,11,54.16
Bengaluru,Channasandra,12.98018,77.769795,,87,89.37314815,Very Poor,1.521384,1.305305863,24,4.45,5,104,7,4,16,31,6,54.16
Bengaluru,Thirumalashettyhally,12.98018,77.788284,,87,89.37314815,Very Poor,1.521384,1.155867456,24,11.62,2,37,6,3,4,10,5,54.16
Bengaluru,Bapagrama,12.998198,77.455469,,50,36.64166667,Good,1.521384,1.206504949,24,9,1,6,7,1,7,12,3,54.64
Bengaluru,Yeswanthpur,12.998198,77.473959,,50,36.64166667,Good,1.521384,1.329283628,24,12.86,4,10,5,1,3,12,9,54.64
Bengaluru,Venkateshwara Layout,12.998198,77.492449,,50,36.64166667,Good,1.521384,1.359561305,24,18.69,6,50,14,9,27,48,20,54.64
Bengaluru,Kareemsab Nagar,12.998198,77.510938,,50,36.64166667,Good,1.521384,1.444223554,24,3897,5,37,14,1,25,40,76,54.64
Bengaluru,Kirloskar Colony,12.998198,77.529428,,50,36.64166667,Good,1.521384,1.414303157,24,17.85,9,193,37,6,42,102,110,54.64
Bengaluru,West of Chord Road,12.998198,77.547918,,50,36.64166667,Good,1.521384,1.576095859,24,14,4,183,55,16,112,93,120,54.16
Bengaluru,Malleshwaram,12.998198,77.566408,,10,36.64166667,Good,1.521384,1.593100746,24,17,11,73,39,9,107,95,100,54.16
Bengaluru,Jayamahal,12.998198,77.584897,,10,36.64166667,Good,1.521384,1.732401782,24,16,6,28,25,6,29,29,90,54.16
Bengaluru,Byadarahalli,12.998198,77.603387,,10,36.64166667,Good,1.521384,1.569365544,24,12.95,10,26,25,3,44,69,71,54.16
Bengaluru,Cox Town,12.998198,77.621877,,12,36.64166667,Good,1.521384,1.440907747,24,10.13,5,75,31,7,53,84,48,54.16
Bengaluru,Block 1,12.998198,77.640367,,12,36.64166667,Good,1.521384,1.613837015,24,9.08,2,32,4,5,11,18,39,54.16
Bengaluru,NGEF Layout,12.998198,77.658856,,12,36.64166667,Good,1.521384,1.500980021,24,7.39,6,12,29,4,23,45,31,54.16
Bengaluru,ITI Employess Housing Colony,12.998198,77.677346,,12,36.64166667,Good,1.521384,1.445453878,24,12.16,12,49,22,11,20,76,22,54.16
Bengaluru,Devasandra Industrial Estate,12.998198,77.695836,,86,89.37314815,Very Poor,1.521384,1.640690213,24,11.7,15,273,9,6,24,47,16,54.16
Bengaluru,Ayyappa Nagar,12.998198,77.714325,,86,89.37314815,Very Poor,1.521384,1.735526475,24,7.15,16,28,9,3,29,69,18,54.16
Bengaluru,Kodigehalli,12.998198,77.732815,,86,89.37314815,Very Poor,1.521384,1.638318372,24,9,1,5,20,6,11,14,15,54.16
Bengaluru,Kumbena Agrahara,12.998198,77.751305,,86,89.37314815,Very Poor,1.521384,1.496662705,24,5.55,3,35,4,8,12,34,9,54.16
Bengaluru,Kadugodi,12.998198,77.769795,,86,89.37314815,Very Poor,1.521384,1.274034214,24,10.79,1,6,5,1,5,19,5,54.16
Bengaluru,Appajipura,12.998198,77.788284,,86,89.37314815,Very Poor,1.521384,1.202397042,24,11.31,1,3,5,3,0,2,2,54.16
Bengaluru,Gollarapalya,13.016216,77.4,,41,41.54537037,Good,1.521384,1.03673641,24,5.8,0,0,0,0,0,0,0,68.52
Bengaluru,Kadabagere,13.016216,77.436979,,41,41.54537037,Good,1.521384,1.055175648,24,5.1,0,1,1,1,0,2,0,54.64
Bengaluru,K.G. Lakkenahalli,13.016216,77.455469,,41,36.64166667,Good,1.521384,1.11869814,24,8.72,0,3,5,0,0,1,6,54.64
Bengaluru,Rajagopala Nagar,13.016216,77.510938,,41,36.64166667,Good,1.521384,1.533351221,24,14.74,14,90,11,7,29,39,28,54.64
Bengaluru,Jenakal Siddeswara Nagar,13.016216,77.529428,,12,36.64166667,Good,1.521384,1.487615266,24,17.28,7,80,25,13,63,73,54,54.64
Bengaluru,Yeshwanthpur Industrial Suburb,13.016216,77.547918,,12,36.64166667,Good,1.521384,1.585779281,24,15.62,15,58,36,12,58,56,67,54.64
Bengaluru,Mathikere,13.016216,77.566408,,12,36.64166667,Good,1.521384,1.545658909,24,7.86,0,2,21,7,10,24,74,54.16
Bengaluru,Armane Nagar,13.016216,77.584897,,12,36.64166667,Good,1.521384,1.654160689,24,18.48,3,6,42,4,31,35,76,54.16
Bengaluru,Modi Garden,13.016216,77.603387,,12,36.64166667,Good,1.521384,1.501428975,24,7,8,15,11,9,22,76,60,54.16
Bengaluru,Vinobha Nagar,13.016216,77.621877,,12,36.64166667,Good,1.521384,1.49631458,24,13.89,9,55,24,6,59,113,38,54.16
Bengaluru,Subbayianiah Palyam,13.016216,77.640367,,12,36.64166667,Good,1.521384,1.482126701,24,6.4,18,210,27,7,80,105,25,54.16
Bengaluru,Annaiah Reddy Layout,13.016216,77.658856,,12,36.64166667,Good,1.521384,1.39295307,24,9.7,11,112,14,5,49,75,23,54.16
Bengaluru,Eeriahana Palya,13.016216,77.677346,,12,36.64166667,Good,1.521384,1.47209892,24,6.4,6,156,8,7,53,95,19,54.16
Bengaluru,Krishnarajapuram,13.016216,77.695836,,12,36.64166667,Good,1.521384,1.5090098,24,8.72,11,13,15,4,53,54,13,54.16
Bengaluru,Hosabasavanapura,13.016216,77.714325,,12,36.64166667,Good,1.521384,1.547970755,24,8,7,53,15,5,23,55,13,54.16
Bengaluru,Virgonagar Industrial Estate,13.016216,77.732815,,12,36.64166667,Good,1.521384,1.273408778,24,9.08,4,26,6,4,3,24,9,54.16
Bengaluru,Krishnarajapuram,13.016216,77.769795,,85,89.37314815,Very Poor,1.521384,1.208924447,24,8.72,3,7,6,2,6,19,4,54.16
Bengaluru,Appajipura,13.016216,77.788284,,85,89.37314815,Very Poor,1.521384,1.090356098,24,11.31,0,0,0,1,4,3,3,54.16
Bengaluru,Doddabidarakallu,13.034234,77.492449,,12,36.64166667,Good,1.521384,1.373579677,24,14.77,5,69,10,0,21,32,12,54.64
Bengaluru,Nalagadderanahalli,13.034234,77.510938,,12,36.64166667,Good,1.521384,1.5728829,24,17.59,6,9,13,4,25,20,16,54.64
Bengaluru,Yesvanpur Surburb,13.034234,77.529428,,12,36.64166667,Good,1.521384,1.602338492,24,12.3,1,80,11,7,12,13,34,54.64
Bengaluru,Muthyala Nagar,13.034234,77.547918,,12,36.64166667,Good,1.521384,1.489123768,24,16.81,6,23,16,2,21,34,48,54.64
Bengaluru,AG's Layout,13.034234,77.566408,,12,36.64166667,Good,1.521384,1.489261872,24,9.29,9,170,36,5,57,57,60,54.64
Bengaluru,Sanjayanagara,13.034234,77.584897,,12,36.64166667,Good,1.521384,1.626606371,24,12.6,5,3,36,7,25,51,56,54.16
Bengaluru,Seethappa Layout,13.034234,77.603387,,12,36.64166667,Good,1.521384,1.594049259,24,15.63,11,225,14,1,68,131,52,54.16
Bengaluru,Govindapura,13.034234,77.621877,,12,36.64166667,Good,1.521384,1.472575873,24,14.45,10,221,19,5,35,83,37,54.16
Bengaluru,Hennur Bande,13.034234,77.640367,,12,36.64166667,Good,1.521384,1.595546743,24,5.94,7,75,3,5,17,55,25,54.16
Bengaluru,Horamavu Agara,13.034234,77.658856,,12,36.64166667,Good,1.521384,1.407705173,24,9.38,6,32,9,3,14,66,22,54.16
Bengaluru,Pooja Layout,13.034234,77.677346,,12,36.64166667,Good,1.521384,1.297291872,24,7.28,15,56,10,5,16,67,17,54.16
Bengaluru,Doddamuniswamy Reddy Layout,13.034234,77.695836,,12,36.64166667,Good,1.521384,1.267881592,24,13,5,42,10,7,6,51,11,54.16
Bengaluru,Padmeshwari Nagar,13.034234,77.714325,,12,36.64166667,Good,1.521384,1.246970983,24,7.1,7,29,10,2,12,43,10,54.16
Bengaluru,Muneshwara Layout,13.034234,77.732815,,12,36.64166667,Good,1.521384,1.210657526,24,3.6,1,19,3,1,6,17,7,54.16
Bengaluru,Bidare Agraha,13.034234,77.751305,,12,36.64166667,Good,1.521384,1.163267381,24,9.17,4,14,6,4,8,15,4,54.16
Bengaluru,Khajisonnanahalli,13.034234,77.769795,,12,36.64166667,Good,1.521384,1.137191127,24,7.2,0,10,14,2,3,7,6,54.16
Bengaluru,Poojena Agrahara,13.034234,77.788284,,12,36.64166667,Good,1.521384,1.088921607,24,4,0,2,2,0,0,3,8,54.16
Bengaluru,Madavara,13.052252,77.473959,,12,36.64166667,Good,1.521384,1.156393413,24,10.85,0,31,5,1,6,8,10,54.64
Bengaluru,Manjunatha Nagar,13.052252,77.492449,,12,36.64166667,Good,1.521384,1.281469287,24,18.57,7,73,12,4,15,31,10,54.64
Bengaluru,Bhuvaneshwari Nagar,13.052252,77.510938,,12,36.64166667,Good,1.521384,1.480123435,24,7.71,10,128,25,8,53,65,13,54.64
Bengaluru,Siddhartha Nagar,13.052252,77.529428,,12,36.64166667,Good,1.521384,1.382115518,24,6.1,2,3,39,6,8,7,17,54.64
Bengaluru,Stage 2,13.052252,77.547918,,12,36.64166667,Good,1.521384,1.403406192,24,18.07,4,1,17,5,10,26,30,54.64
Bengaluru,Devinagar,13.052252,77.566408,,12,36.64166667,Good,1.521384,1.394628591,24,9.3,4,25,11,6,12,24,35,54.64
Bengaluru,Coffee Board Layout,13.052252,77.603387,,12,36.64166667,Good,1.521384,1.569439176,24,12.69,11,90,82,7,30,65,37,54.16
Bengaluru,Manyata Residency,13.052252,77.621877,,12,36.64166667,Good,1.521384,1.443206619,24,11.3,6,9,22,0,12,37,31,54.16
Bengaluru,Hiremath Layout,13.052252,77.640367,,12,36.64166667,Good,1.521384,1.50754625,24,10.83,8,2,9,4,17,49,24,54.16
Bengaluru,Rampura,13.052252,77.695836,,12,36.64166667,Good,1.521384,1.178499484,24,4.78,1,15,3,0,0,8,9,54.16
Bengaluru,Cheemasandra,13.052252,77.732815,,12,36.64166667,Good,1.521384,1.207530401,24,13.75,1,0,4,0,1,5,5,54.16
Bengaluru,Nimbekaipura,13.052252,77.751305,,12,36.64166667,Good,1.521384,1.301445003,24,9.55,1,0,11,3,5,6,5,54.16
Bengaluru,Huskur Kodi,13.052252,77.769795,,12,36.64166667,Good,1.521384,1.167263623,24,7.1,1,1,1,0,5,11,7,54.16
Bengaluru,Petanahalli,13.052252,77.788284,,12,36.64166667,Good,1.521384,1.141623956,24,9.36,0,0,1,0,1,5,6,54.16
Bengaluru,Arasinakunte,13.07027,77.41849,,40,41.54537037,Good,1.521384,1.035019531,24,6,0,0,6,2,2,9,5,54.64
Bengaluru,Kuduregere Colony,13.07027,77.473959,,12,36.64166667,Good,1.521384,1.154662291,24,10.85,0,9,7,2,2,7,11,54.64
Bengaluru,TG Halli,13.07027,77.492449,,12,36.64166667,Good,1.521384,1.281672205,24,9.7,1,7,4,1,8,28,11,54.64
Bengaluru,Medaralli,13.07027,77.510938,,12,36.64166667,Good,1.521384,1.342328171,24,4.94,11,27,19,3,24,42,13,54.64
Bengaluru,devegowda enclave,13.07027,77.529428,,12,36.64166667,Good,1.521384,1.255540262,24,7.53,6,39,19,2,13,26,10,54.64
Bengaluru,Govindayyanapalya,13.07027,77.547918,,12,36.64166667,Good,1.521384,1.371983387,24,16.13,2,0,14,3,9,19,25,54.64
Bengaluru,Lakeshore Garden,13.07027,77.566408,,12,36.64166667,Good,1.521384,1.337526862,24,16.13,6,106,20,3,18,47,33,54.64
Bengaluru,Rajiv Gandhi Nagar,13.07027,77.584897,,12,36.64166667,Good,1.521384,1.406941311,24,8,5,14,30,17,14,29,37,54.64
Bengaluru,Jakkuru Layout,13.07027,77.603387,,12,36.64166667,Good,1.521384,1.529975631,24,9.8,9,75,12,8,26,37,32,54.64
Bengaluru,MCECHS Layout,13.07027,77.621877,,12,36.64166667,Good,1.521384,1.256003939,24,11.72,3,46,17,9,7,32,27,54.16
Bengaluru,RK Hegde Nagar,13.07027,77.640367,,12,36.64166667,Good,1.521384,1.410433686,24,14.92,4,40,7,6,21,65,21,54.16
Bengaluru,Sonam Layout,13.07027,77.658856,,12,36.64166667,Good,1.521384,1.253180395,24,8.76,4,1,7,7,6,16,12,54.16
Bengaluru,Anagalapura,13.07027,77.677346,,12,36.64166667,Good,1.521384,1.124094303,24,18.28,0,4,4,1,2,8,8,54.16
Bengaluru,Bommenahalli,13.07027,77.732815,,12,36.64166667,Good,1.521384,1.160606694,24,17.16,0,2,2,2,0,4,4,54.16
Bengaluru,M V Extenstion,13.07027,77.788284,,12,36.64166667,Good,1.521384,1.294142146,24,8.1,11,174,3,3,45,39,6,54.16
Bengaluru,Keerthi layout,13.088288,77.41849,,12,41.54537037,Good,1.521384,1.120299173,24,8.23,1,5,2,2,4,8,5,54.64
Bengaluru,Nagarur colony,13.088288,77.436979,,12,41.54537037,Good,1.521384,1.099820119,24,9.63,0,0,3,0,0,2,4,54.64
Bengaluru,Ganigarahalli,13.088288,77.510938,,12,36.64166667,Good,1.521384,1.129940339,24,9.25,0,4,4,0,1,4,7,54.64
Bengaluru,Lakshmipura,13.088288,77.529428,,12,36.64166667,Good,1.521384,1.213166313,24,16.17,1,10,1,2,6,13,11,54.64
Bengaluru,Adityanagar,13.088288,77.547918,,12,36.64166667,Good,1.521384,1.317168139,24,15,6,55,14,1,24,43,18,54.64
Bengaluru,Janatha Colony,13.088288,77.584897,,12,36.64166667,Good,1.521384,1.328937141,24,6.74,2,18,28,5,22,42,28,54.64
Bengaluru,UAS Layout,13.088288,77.603387,,12,36.64166667,Good,1.521384,1.380555267,24,16.15,2,22,14,6,9,14,34,54.64
Bengaluru,Sampigehalli,13.088288,77.621877,,12,36.64166667,Good,1.521384,1.221222939,24,6.72,0,5,14,4,2,13,23,54.64
Bengaluru,Kannuru,13.088288,77.640367,,12,36.64166667,Good,1.521384,1.303700206,24,10.96,5,3,13,8,7,7,18,54.16
Bengaluru,Chikkagubbi Village,13.088288,77.658856,,12,36.64166667,Good,1.521384,1.1907505,24,9.4,1,2,4,2,2,12,14,54.16
Bengaluru,Upparahalli,13.088288,77.769795,,12,36.64166667,Good,1.521384,1.190447678,24,12.53,0,0,1,0,0,3,7,54.16
Bengaluru,Hoskote,13.088288,77.788284,,12,288.6462963,Unsuitable,1.521384,1.133628415,24,6.61,0,0,8,0,0,4,7,54.16
Hyderabad,"67XX+RP9, Nagarguda - Shamshabad Rd, Telangana 501218, India",17.25,78.3,,78,29.2212963,Good,1.050797617,1.055042672,34,8.03,0,1,3,0,1,0,1,57.03
Hyderabad,Sultanpalle,17.25,78.31849,,78,48.60833333,Good,1.050797617,1.021302423,34,7.4,0,0,3,1,0,0,1,57.03
Hyderabad,Chowdariguda,17.25,78.336979,,78,48.60833333,Good,1.050797617,1.034504174,34,4.99,2,0,7,2,4,3,1,48.79
Hyderabad,Thondapalli,17.25,78.373959,,139,49.59166667,Good,1.050797617,1.121980745,34,1.8,0,11,4,0,6,5,1,48.79
Hyderabad,Kurmalguda,17.25,78.484897,,139,49.64907407,Good,1.050797617,1.057055295,34,7.32,0,0,1,4,0,4,0,48.79
Hyderabad,Kurmalguda,17.25,78.503387,,139,49.64907407,Good,1.050797617,1.045299498,34,7.32,0,0,0,0,0,0,0,48.79
Hyderabad,Kurmalguda,17.25,78.521877,,139,49.64907407,Good,1.050797617,1.071447484,34,7.32,0,0,3,0,0,0,1,48.79
Hyderabad,"7G2R+447, Telangana 501510, India",17.25,78.540367,,109,49.64907407,Good,1.050797617,1.054271654,34,6,0,0,6,0,0,1,1,48.79
Hyderabad,Bongloor,17.25,78.558856,,109,49.64907407,Good,1.050797617,1.145027469,34,4.2,0,0,4,1,0,1,4,48.79
Hyderabad,Manneguda,17.25,78.577346,,109,49.64907407,Good,1.050797617,1.15761816,34,6,0,2,8,0,1,3,3,48.79
Hyderabad,Manneguda,17.25,78.595836,,109,49.64907407,Good,1.050797617,1.147446492,34,6,1,0,2,1,0,5,5,48.79
Hyderabad,Sultanpalle,17.268018,78.3,,78,29.2212963,Good,1.050797617,1.044468248,34,2,0,0,5,0,0,0,1,57.03
Hyderabad,Sultanpalle,17.268018,78.31849,,78,29.2212963,Good,1.050797617,1.014664418,34,2,0,0,6,0,0,0,1,48.79
Hyderabad,Ammapalle,17.268018,78.336979,,78,48.60833333,Good,1.050797617,1.012567187,34,2,0,0,4,0,1,2,1,48.79
Hyderabad,Ranga Reddy Nagar,17.268018,78.392449,,139,49.59166667,Good,1.050797617,1.202561895,34,9.3,7,20,4,8,40,28,1,48.79
Hyderabad,Omer Colony,17.268018,78.466408,,139,49.64907407,Good,1.050797617,1.131990737,34,7.05,0,15,4,0,5,9,2,48.79
Hyderabad,Kurmalguda,17.268018,78.484897,,139,49.64907407,Good,1.050797617,1.174977887,34,7.32,0,0,2,1,2,3,1,48.79
Hyderabad,Kurmalguda,17.268018,78.503387,,139,49.64907407,Good,1.050797617,1.086416413,34,7.32,0,1,2,1,2,1,2,48.79
Hyderabad,Nadargul,17.268018,78.540367,,109,49.64907407,Good,1.050797617,1.154931192,34,5.8,1,4,7,1,4,12,4,48.79
Hyderabad,"7H95+6G AV Nagar, Telangana, India",17.268018,78.558856,,109,49.64907407,Good,1.050797617,1.085903057,34,6.92,0,0,2,1,0,0,5,48.79
Hyderabad,Turkayamjal,17.268018,78.577346,,109,49.64907407,Good,1.050797617,1.145061295,34,5.45,1,9,6,1,5,11,5,48.79
Hyderabad,Hayathnagar,17.268018,78.595836,,109,49.64907407,Good,1.050797617,1.200668008,34,6.2,1,3,7,0,12,18,5,48.79
Hyderabad,Bakaram Jagir,17.286036,78.3,,78,29.2212963,Good,1.050797617,1.045697757,34,8.28,0,0,10,0,0,1,1,57.03
Hyderabad,Bakaram,17.286036,78.31849,,78,29.2212963,Good,1.050797617,0.9972578,34,11.59,0,0,9,3,1,1,1,48.79
Hyderabad,Kavaguda,17.286036,78.336979,,78,48.60833333,Good,1.050797617,0.988585597,34,11.35,0,0,5,0,0,0,1,48.79
Hyderabad,Hayat Nagar,17.286036,78.392449,,139,49.59166667,Good,1.050797617,1.043571274,34,11.04,0,1,3,0,0,0,4,48.79
Hyderabad,Wadi-E-Hadees,17.286036,78.466408,,127,49.64907407,Good,1.050797617,1.121401522,34,8.37,0,2,13,0,8,26,4,48.79
Hyderabad,Balapur,17.286036,78.503387,,127,49.64907407,Good,1.050797617,1.139909573,34,7.5,0,1,4,2,6,9,7,48.79
Hyderabad,Dawoodkhanguda,17.286036,78.540367,,109,49.64907407,Good,1.050797617,1.147026589,34,5.65,2,3,3,4,2,10,10,48.79
Hyderabad,Jai Suryapatnam,17.286036,78.558856,,109,49.64907407,Good,1.050797617,1.118006605,34,7,1,3,3,0,0,5,15,48.79
Hyderabad,Nadargul,17.286036,78.577346,,109,49.64907407,Good,1.050797617,1.236552384,34,5.8,0,0,0,0,0,0,15,48.79
Hyderabad,Tarur,17.286036,78.595836,,109,49.64907407,Good,1.050797617,1.175692093,34,5.03,1,1,7,1,1,3,6,48.79
Hyderabad,Bakaram Jagir,17.304054,78.3,,74,29.2212963,Good,1.050797617,1.018459571,34,8.28,0,0,8,1,0,0,1,57.03
Hyderabad,Bangaliguda,17.304054,78.31849,,74,29.2212963,Good,1.050797617,1.017151897,34,11.38,0,0,3,1,0,0,0,48.79
Hyderabad,Nagireddiguda,17.304054,78.336979,,74,29.2212963,Good,1.050797617,1.045035906,34,4,0,0,5,0,0,1,1,48.79
Hyderabad,Kismatpur,17.304054,78.355469,,74,48.60833333,Good,1.050797617,1.132084309,34,6.67,0,0,0,0,0,0,1,48.79
Hyderabad,Kismatpur,17.304054,78.373959,,127,48.60833333,Good,1.050797617,1.133755284,34,6.67,0,0,4,1,0,0,6,48.79
Hyderabad,Hayat Nagar,17.304054,78.392449,,127,48.60833333,Good,1.050797617,1.113917061,34,11.04,0,0,6,0,0,0,6,48.79
Hyderabad,Telangana NGOS Colony,17.304054,78.429428,,127,49.59166667,Good,1.050797617,1.214904593,34,9.91,2,19,8,2,6,13,7,48.79
Hyderabad,Laxmiguda Village,17.304054,78.447918,,127,49.59166667,Good,1.050797617,1.209349155,34,7.12,1,26,4,4,14,23,8,48.79
Hyderabad,Ismail Nagar,17.304054,78.466408,,127,49.64907407,Good,1.050797617,1.156454421,34,7.67,3,80,10,1,40,57,10,48.79
Hyderabad,Iqbal Colony,17.304054,78.484897,,127,49.64907407,Good,1.050797617,1.121170096,34,4.4,2,17,8,3,13,48,9,48.79
Hyderabad,Sri Venkateshwara Colony,17.304054,78.503387,,109,49.64907407,Good,1.050797617,1.158006527,34,5.73,1,2,10,3,6,12,14,48.79
Hyderabad,Balaji Nagar,17.304054,78.521877,,109,49.64907407,Good,1.050797617,1.231879504,34,8.53,4,50,8,5,11,33,17,48.79
Hyderabad,Nazeebnagar,17.322072,78.3,,74,29.2212963,Good,1.050797617,1.03445971,34,8.5,0,0,6,12,0,3,2,57.03
Hyderabad,Yenikepally,17.322072,78.31849,,74,29.2212963,Good,1.050797617,1.106922918,34,17.98,0,0,5,2,1,3,2,48.79
Hyderabad,Bangaliguda,17.322072,78.336979,,74,29.2212963,Good,1.050797617,1.057200916,34,11.38,0,0,4,0,0,0,1,48.79
Hyderabad,Manasa Hills,17.322072,78.373959,,74,48.60833333,Good,1.050797617,1.144358726,34,7.1,0,2,4,2,1,1,7,48.79
Hyderabad,Agricultural Research Institute Quarters,17.322072,78.392449,,127,48.60833333,Good,1.050797617,1.162905956,34,8.82,0,1,0,1,1,3,10,48.79
Hyderabad,Acharya Ng Ranga Agricultural University,17.322072,78.410938,,127,48.60833333,Good,1.050797617,1.152506527,34,10.6,1,0,8,5,4,7,10,48.79
Hyderabad,Adarsh Nagar,17.322072,78.429428,,127,49.59166667,Good,1.050797617,1.345540591,34,11.95,4,72,10,3,20,29,9,48.79
Hyderabad,Mughal Colony,17.322072,78.447918,,127,49.59166667,Good,1.050797617,1.339696069,34,9.46,3,30,10,3,34,49,19,48.79
Hyderabad,Hosnabad Colony,17.322072,78.466408,,127,49.59166667,Good,1.050797617,1.250289039,34,10.31,6,78,3,2,38,71,18,48.79
Hyderabad,Maqbool Nagar,17.322072,78.484897,,127,49.64907407,Good,1.050797617,1.254740975,34,4,7,16,3,6,51,53,24,48.79
Hyderabad,Pragathi Colony,17.322072,78.521877,,109,49.64907407,Good,1.050797617,1.39045491,34,11.21,9,64,12,4,41,64,49,48.79
Hyderabad,Lakshmi Nagar Colony  ,17.322072,78.540367,,109,49.64907407,Good,1.050797617,1.295844115,34,5.2,5,133,20,5,25,37,39,48.79
Hyderabad,Chaitanya Nagar,17.322072,78.558856,,109,49.64907407,Good,1.050797617,1.512388656,34,5.9,8,205,20,4,79,56,28,48.79
Hyderabad,Gayatri Nagar Colony,17.322072,78.595836,,109,30.26944444,Good,1.050797617,1.277351786,34,6.8,1,7,12,4,30,43,14,48.79
Hyderabad,Himayatnagar,17.34009,78.3,,76,29.2212963,Good,1.050797617,1.117650804,34,9.96,0,1,5,4,6,12,3,57.03
Hyderabad,Moinabad,17.34009,78.31849,,76,29.2212963,Good,1.050797617,1.135704334,34,5.8,2,12,8,1,1,5,1,48.79
Hyderabad,Aziznagar,17.34009,78.336979,,76,29.2212963,Good,1.050797617,1.093232006,34,9.27,1,3,9,1,0,4,2,48.79
Hyderabad,Abhyudaya Nagar,17.34009,78.373959,,76,29.2212963,Good,1.050797617,1.182463847,34,6.92,1,12,8,2,4,15,9,48.79
Hyderabad,Abhyudaya Nagar,17.34009,78.392449,,127,48.60833333,Good,1.050797617,1.215951051,34,6.92,2,10,13,5,6,28,12,48.79
Hyderabad,Suleman Nagar,17.34009,78.429428,,127,48.60833333,Good,1.050797617,1.237791852,34,11.17,5,21,9,3,23,44,17,48.79
Hyderabad,Basti Nabi Kareem,17.34009,78.447918,,127,49.59166667,Good,1.050797617,1.169109699,34,5,4,19,6,2,31,52,22,48.79
Hyderabad,Char Chaman Colony,17.34009,78.466408,,127,49.59166667,Good,1.050797617,1.21792655,34,16,4,200,6,15,62,93,32,48.79
Hyderabad,Uppuguda,17.34009,78.484897,,127,49.64907407,Good,1.050797617,1.284126003,34,5.9,5,65,10,7,42,61,45,48.79
Hyderabad,Kanchan Bagh,17.34009,78.503387,,109,49.64907407,Good,1.050797617,1.237307911,34,4.6,2,83,18,8,66,68,86,48.79
Hyderabad,New Maruthi Nagar,17.34009,78.521877,,109,48.48611111,Good,1.050797617,1.301493247,34,7.05,9,109,21,4,55,41,87,48.79
Hyderabad,Madhava Nagar,17.34009,78.540367,,109,30.26944444,Good,1.050797617,1.39776195,34,6.23,4,62,25,4,44,55,81,48.79
Hyderabad,Abhyudaya Nagar,17.34009,78.558856,,109,30.26944444,Good,1.050797617,1.334258639,34,6.92,8,127,31,14,59,44,69,48.79
Hyderabad,Indira Nagar,17.34009,78.577346,,109,30.26944444,Good,1.050797617,1.251151211,34,9.93,3,80,19,4,54,41,23,48.79
Hyderabad,Teachers Colony,17.34009,78.595836,,109,30.26944444,Good,1.050797617,1.251964775,34,11.89,4,5,20,1,4,15,14,48.79
Hyderabad,Chilkoor,17.358108,78.3,,76,29.2212963,Good,1.050797617,1.027508132,34,2.5,1,19,1,0,0,0,4,57.03
Hyderabad,Narsingi,17.358108,78.31849,,76,29.2212963,Good,1.050797617,1.096454642,34,8.37,0,1,10,1,0,1,3,48.79
Hyderabad,Golden Heights Colony,17.358108,78.410938,,120,48.60833333,Good,1.050797617,1.331552366,34,6.65,4,4,25,4,13,24,16,48.79
Hyderabad,Sai Hills Colony,17.358108,78.429428,,120,48.60833333,Good,1.050797617,1.262627925,34,9.77,3,63,18,6,79,69,18,48.79
Hyderabad,Mannans Colony,17.358108,78.447918,,120,48.60833333,Good,1.050797617,1.26262513,34,11.19,9,94,21,2,37,58,30,48.79
Hyderabad,Shah Gunj,17.358108,78.466408,,120,49.59166667,Good,1.050797617,1.380276322,34,13.19,16,119,12,17,105,108,52,48.79
Hyderabad,Dhobi Ghat,17.358108,78.484897,,109,48.48611111,Good,1.050797617,1.282423141,34,30.63,10,79,9,15,92,121,94,48.79
Hyderabad,Madannapet Colony,17.358108,78.503387,,109,48.48611111,Good,1.050797617,1.334229474,34,8.87,8,240,26,13,87,114,112,48.79
Hyderabad,Saraswathi Nagar,17.358108,78.521877,,109,48.48611111,Good,1.050797617,1.287469001,34,7.46,5,86,51,1,48,52,97,48.79
Hyderabad,Kranthi nagar Colony,17.358108,78.540367,,109,30.26944444,Good,1.050797617,1.487477626,34,6.92,8,45,22,16,85,82,86,48.79
Hyderabad,Sai Nagar,17.358108,78.558856,,109,30.26944444,Good,1.050797617,1.388747416,34,5.86,14,76,37,3,55,62,77,48.79
Hyderabad,Auto Nagar,17.358108,78.595836,,94,30.26944444,Good,1.050797617,1.131784505,34,4.91,2,1,7,3,2,3,9,51.28
Hyderabad,Narsingi,17.376126,78.3,,76,29.2212963,Good,1.050797617,1.108719356,34,8.37,0,0,0,0,0,0,2,48.79
Hyderabad,Narsingi,17.376126,78.336979,,76,29.2212963,Good,1.050797617,1.112659973,34,8.37,0,0,1,0,0,4,9,48.79
Hyderabad,Manchirevula,17.376126,78.355469,,76,29.2212963,Good,1.050797617,1.18543986,34,11.14,0,36,5,4,7,6,13,48.79
Hyderabad,Ibrahim Bagh,17.376126,78.373959,,76,29.2212963,Good,1.050797617,1.233341512,34,9.28,1,0,13,6,3,14,20,48.79
Hyderabad,Ramdev Guda,17.376126,78.392449,,76,29.2212963,Good,1.050797617,1.302961597,34,8.4,4,3,1,3,6,17,22,48.79
Hyderabad,Saleh Nagar,17.376126,78.410938,,120,48.60833333,Good,1.050797617,1.370876408,34,9.23,5,35,7,3,36,49,25,48.79
Hyderabad,Bapu Nagar,17.376126,78.429428,,120,48.60833333,Good,1.050797617,1.333470032,34,5.92,5,214,16,4,46,50,27,48.79
Hyderabad,Tappachabutra,17.376126,78.447918,,120,13.95740741,Excellent,1.050797617,1.335513062,34,8.7,10,171,12,1,67,80,47,48.79
Hyderabad,Gyan Bagh Colony,17.376126,78.466408,,120,44.34722222,Good,1.050797617,1.595918255,34,18,7,157,27,5,63,64,62,48.79
Hyderabad,Imlibun,17.376126,78.484897,,109,34.925,Good,1.050797617,1.558951949,34,10.43,6,107,29,13,65,61,121,48.79
Hyderabad,MCH Colony,17.376126,78.503387,,109,48.48611111,Good,1.050797617,1.441215285,34,8.08,11,144,25,5,80,84,133,48.79
Hyderabad,Sarita Arcade,17.376126,78.521877,,109,30.26944444,Good,1.050797617,1.419786555,34,8.14,6,29,15,6,74,87,113,48.79
Hyderabad,Phanigiri Colony,17.376126,78.540367,,109,30.26944444,Good,1.050797617,1.451704755,34,5.5,9,118,22,1,67,57,87,48.79
Hyderabad,Hanuman Gardens,17.376126,78.558856,,109,30.26944444,Good,1.050797617,1.32801448,34,6.7,12,248,17,6,56,39,73,51.28
Hyderabad,Nagole,17.376126,78.577346,,94,30.26944444,Good,1.050797617,1.283942249,34,6.3,1,14,12,1,27,42,25,51.28
Hyderabad,Kokapet,17.394144,78.31849,,76,29.2212963,Good,1.050797617,1.113654243,34,10.63,0,0,79,10,0,3,5,48.79
Hyderabad,Kokapet,17.394144,78.336979,,76,29.2212963,Good,1.050797617,1.210330025,34,10.63,7,76,11,6,20,27,13,48.79
Hyderabad,Narsingi,17.394144,78.355469,,76,29.2212963,Good,1.050797617,1.50219423,34,8.37,1,40,15,2,16,27,18,48.79
Hyderabad,Huda,17.394144,78.373959,,76,29.2212963,Good,1.050797617,1.330380153,34,5.73,24,133,33,10,30,80,25,48.79
Hyderabad,G K Enclave,17.394144,78.392449,,76,29.2212963,Good,1.050797617,1.282837661,34,3.5,7,32,16,1,27,45,23,48.79
Hyderabad,Neeraj Colony,17.394144,78.410938,,159,29.2212963,Good,1.050797617,1.348751045,34,3.8,14,15,17,4,71,82,27,48.79
Hyderabad,Rethibowli,17.394144,78.429428,,159,13.95740741,Excellent,1.050797617,1.752368307,34,5.4,5,130,27,5,64,49,39,48.79
Hyderabad,Venkatadri Colony,17.394144,78.447918,,159,47.16851852,Good,1.050797617,1.572674845,34,13.19,21,183,24,10,142,114,65,48.79
Hyderabad,Devi Bagh,17.394144,78.466408,,159,44.34722222,Good,1.050797617,1.510767004,34,10.79,9,130,32,17,92,81,74,48.79
Hyderabad,Ramkoti,17.394144,78.484897,,109,34.925,Good,1.050797617,1.609441593,34,10.43,11,305,20,13,184,112,106,48.79
Hyderabad,Ratna Nagar,17.394144,78.503387,,109,26.425,Good,1.050797617,1.59607665,34,5.92,3,109,23,4,110,100,141,49.45
Hyderabad,Turab Nagar,17.394144,78.521877,,109,30.26944444,Good,1.050797617,1.258521747,34,8.57,11,182,21,8,80,84,143,49.45
Hyderabad,Indira Nagar,17.394144,78.540367,,109,22.63981481,Excellent,1.050797617,1.453418521,34,9.93,6,91,14,3,48,55,101,49.45
Hyderabad,Survey Colony,17.394144,78.558856,,94,47.65185185,Good,1.050797617,1.347903169,34,5.86,5,76,13,5,22,22,72,51.28
Hyderabad,Gayatri Nagar,17.394144,78.577346,,94,47.65185185,Good,1.050797617,1.319832178,34,9.4,0,0,9,3,6,7,18,51.28
Hyderabad,Sai Nagar Colony,17.394144,78.595836,,94,47.65185185,Good,1.050797617,1.318334284,34,5.67,5,73,9,3,21,37,8,51.28
Hyderabad,Vattinagulapally,17.412162,78.3,,76,29.2212963,Good,1.050797617,1.05886213,34,8.5,1,4,4,1,1,2,3,48.79
Hyderabad,Financial District,17.412162,78.336979,,76,29.2212963,Good,1.050797617,1.290364055,34,10.8,2,6,14,7,7,5,22,48.79
Hyderabad,Khajaguda,17.412162,78.355469,,76,29.2212963,Good,1.050797617,1.319679512,34,10.52,0,2,14,2,8,8,25,48.79
Hyderabad,Chitrapuri Colony,17.412162,78.373959,,76,29.2212963,Good,1.050797617,1.30409544,34,8.61,6,6,21,10,20,36,29,48.79
Hyderabad,Laxman Bagh,17.412162,78.392449,,76,29.2212963,Good,1.050797617,1.38076241,34,18,8,123,22,6,44,41,30,48.79
Hyderabad,Film Nagar,17.412162,78.410938,,159,29.2212963,Good,1.050797617,1.436505647,34,16,13,135,26,3,124,70,49,48.79
Hyderabad,NBT Nagar,17.412162,78.429428,,159,14.26481481,Excellent,1.050797617,1.753497196,34,10.49,4,68,36,3,49,50,56,48.79
Hyderabad,Mithila Nagar,17.412162,78.447918,,159,14.26481481,Excellent,1.050797617,2.043874355,34,4.28,11,77,32,5,136,58,78,49.45
Hyderabad,Central Secretariat,17.412162,78.466408,,159,14.26481481,Excellent,1.050797617,1.626006707,34,12.9,3,49,51,6,53,46,100,49.45
Hyderabad,Lower Tank Bund,17.412162,78.484897,,159,26.425,Good,1.050797617,1.42907231,34,9.48,13,77,40,5,84,83,102,49.45
Hyderabad,Musheerabad,17.412162,78.503387,,109,26.425,Good,1.050797617,1.511576217,34,8.44,11,139,18,10,73,78,95,49.45
Hyderabad,Osmania University,17.412162,78.521877,,109,47.65185185,Good,1.050797617,1.230869753,34,5.75,4,0,10,5,22,38,103,49.45
Hyderabad,Kakateeya Nagar,17.412162,78.540367,,94,47.65185185,Good,1.050797617,1.506432287,34,6.7,4,5,20,3,31,42,71,51.28
Hyderabad,Bank Colony,17.412162,78.558856,,94,47.65185185,Good,1.050797617,1.545599501,34,4.3,8,56,16,3,35,64,34,51.28
Hyderabad,Shree Venkateshwara Colony,17.412162,78.577346,,94,47.65185185,Good,1.050797617,1.433347258,34,5.2,12,41,28,5,47,61,14,51.28
Hyderabad,P&T Colony,17.412162,78.595836,,94,47.65185185,Good,1.050797617,1.412977709,34,7,4,58,18,6,75,66,9,51.28
Hyderabad,Gachibowli,17.43018,78.3,,23,29.2212963,Good,1.050797617,1.153203273,34,12.35,1,2,6,3,1,2,8,48.79
Hyderabad,Journalists Colony Phase 3,17.43018,78.31849,,23,29.2212963,Good,1.050797617,1.254707955,34,7.81,1,0,6,1,10,12,19,48.79
Hyderabad,Madhava Reddy Colony,17.43018,78.355469,,23,29.2212963,Good,1.050797617,1.431156564,34,9.6,1,1,49,9,3,5,26,48.79
Hyderabad,Lumbini Avenue,17.43018,78.373959,,23,29.2212963,Good,1.050797617,1.565555956,34,8.84,2,51,17,7,21,29,29,48.79
Hyderabad,Masthan Nagar,17.43018,78.392449,,78,29.2212963,Good,1.050797617,1.468416476,34,4.9,1,1,38,9,6,15,31,49.45
Hyderabad,Jubilee Hills,17.43018,78.410938,,78,30.91388889,Good,1.050797617,1.699935799,34,15,3,87,23,2,39,34,49,49.45
Hyderabad,Sri Nagar Colony,17.43018,78.429428,,78,30.91388889,Good,1.050797617,1.94466492,34,7.69,6,257,31,6,98,88,55,49.45
Hyderabad,Nagarjuna Nagar colony,17.43018,78.447918,,159,14.26481481,Excellent,1.050797617,1.879796165,34,11.45,9,278,32,8,134,60,62,49.45
Hyderabad,Railway Officer Colony,17.43018,78.503387,,159,11.49907407,Excellent,1.050797617,1.529636907,34,12.74,6,38,16,8,82,71,78,49.45
Hyderabad,Lallaguda Railway Colony,17.43018,78.521877,,94,35.91203704,Good,1.050797617,1.420902595,34,7.04,8,2,20,8,63,38,70,49.45
Hyderabad,Sidhartha Nagar,17.43018,78.540367,,94,35.91203704,Good,1.050797617,1.600532703,34,15,7,62,25,6,58,54,53,51.28
Hyderabad,Raghavendra Nagar,17.43018,78.558856,,94,35.91203704,Good,1.050797617,1.402220083,34,6.23,8,15,10,1,26,33,26,51.28
Hyderabad,Ambedkar Nagar,17.43018,78.577346,,94,35.91203704,Good,1.050797617,1.337352725,34,8.58,4,18,17,1,10,17,17,51.28
Hyderabad,Telephone Colony,17.43018,78.595836,,94,35.91203704,Good,1.050797617,1.239022363,34,6.73,2,29,31,6,16,34,11,51.28
Hyderabad,Tellapur,17.448198,78.3,,23,29.2212963,Good,1.050797617,1.216580824,34,7.96,3,8,8,6,7,9,14,48.79
Hyderabad,Indira Nagar,17.448198,78.355469,,23,29.2212963,Good,1.050797617,1.528877904,34,9.93,8,97,51,7,22,26,22,49.45
Hyderabad,Phase 2,17.448198,78.373959,,23,29.2212963,Good,1.050797617,1.789901803,34,12.15,7,13,58,6,40,22,22,49.45
Hyderabad,Mega Hills,17.448198,78.392449,,78,30.91388889,Good,1.050797617,1.675438843,34,8.9,13,128,38,8,73,73,30,49.45
Hyderabad,Borabanda,17.448198,78.410938,,78,30.91388889,Good,1.050797617,1.449420459,34,9.28,6,90,18,4,49,87,45,49.45
Hyderabad,AG Colony,17.448198,78.429428,,78,30.91388889,Good,1.050797617,1.461943227,34,8.21,12,61,39,13,87,106,44,49.45
Hyderabad,BK Guda,17.448198,78.447918,,78,42.53055556,Good,1.050797617,1.512993108,34,10.07,10,278,54,14,89,86,46,49.45
Hyderabad,Begumpet,17.448198,78.466408,,78,29.46574074,Good,1.050797617,1.551352355,34,9.3,4,12,13,7,36,39,68,49.45
Hyderabad,Balamrai,17.448198,78.484897,,78,29.46574074,Good,1.050797617,1.643079457,34,6.2,7,42,21,9,34,43,76,49.45
Hyderabad,Nehru Nagar Colony,17.448198,78.503387,,83,11.49907407,Excellent,1.050797617,1.577304196,34,4.5,8,138,35,11,103,97,56,49.45
Hyderabad,Mahendra Hills,17.448198,78.521877,,83,42.26944444,Good,1.050797617,1.376261474,34,9.64,7,22,22,6,29,60,52,51.28
Hyderabad,Venkateswara Nagar,17.448198,78.540367,,94,42.26944444,Good,1.050797617,1.332189432,34,6.7,4,52,12,8,52,73,46,51.28
Hyderabad,Aphb Colony,17.448198,78.558856,,94,42.26944444,Good,1.050797617,1.415560766,34,8.12,2,6,6,6,16,27,27,51.28
Hyderabad,Ashok Nagar,17.448198,78.577346,,94,42.26944444,Good,1.050797617,1.340455123,34,6.06,4,24,18,6,18,26,19,51.28
Hyderabad,Mallapur,17.448198,78.595836,,94,42.26944444,Good,1.050797617,1.244070086,34,4.7,0,4,9,2,0,2,8,51.28
Hyderabad,NCB Enclave,17.466216,78.336979,,23,29.2212963,Good,1.050797617,1.337647382,34,7.87,3,11,27,10,10,37,25,49.45
Hyderabad,Raja Rajeshwara Nagar,17.466216,78.355469,,23,30.91388889,Good,1.050797617,1.531212235,34,5.2,8,22,30,5,33,63,30,49.45
Hyderabad,KPHB 5th Phase,17.466216,78.373959,,23,30.91388889,Good,1.050797617,1.53915387,34,6.77,6,45,28,5,31,31,36,49.45
Hyderabad,KPHB Phase 15,17.466216,78.392449,,78,30.91388889,Good,1.050797617,1.593864715,34,8.72,7,8,19,12,21,14,30,49.45
Hyderabad,Bhavani Nagar,17.466216,78.410938,,78,30.91388889,Good,1.050797617,1.58619777,34,7.7,6,7,5,1,13,31,43,49.45
Hyderabad,Bharat Nagar,17.466216,78.429428,,78,30.91388889,Good,1.050797617,1.454179425,34,4.95,7,174,16,8,21,37,46,49.45
Hyderabad,Balanagar,17.466216,78.447918,,78,42.53055556,Good,1.050797617,1.490256127,34,5.37,3,140,5,3,24,20,41,49.45
Hyderabad,Mohammed Nagar,17.466216,78.466408,,78,24.20925926,Excellent,1.050797617,1.578882447,34,8.33,5,0,14,7,22,23,45,49.45
Hyderabad,SAIL Colony,17.466216,78.484897,,78,24.20925926,Excellent,1.050797617,1.443273018,34,12.98,12,102,20,7,49,63,34,49.45
Hyderabad,Surya nagar,17.466216,78.503387,,83,35.83055556,Good,1.050797617,1.487006031,34,8.97,2,46,24,1,48,35,39,49.45
Hyderabad,Secunderabad,17.466216,78.521877,,83,35.83055556,Good,1.050797617,1.386505281,34,5.53,0,2,3,0,3,1,36,51.28
Hyderabad,Shri Niwas State,17.466216,78.540367,,83,42.26944444,Good,1.050797617,1.395422306,34,7.7,6,140,9,6,39,75,31,51.28
Hyderabad,Mughal Colony,17.466216,78.558856,,83,42.26944444,Good,1.050797617,1.338716971,34,9.46,11,25,9,3,47,51,20,51.28
Hyderabad,ECIL,17.466216,78.577346,,83,42.26944444,Good,1.050797617,1.448965397,34,5.53,0,8,5,3,8,1,17,51.28
Hyderabad,B N Reddy Nagar,17.466216,78.595836,,83,42.26944444,Good,1.050797617,1.291337709,34,4.88,1,14,9,0,8,3,8,51.28
Hyderabad,MIG Phase I,17.484234,78.3,,129,29.2212963,Good,1.050797617,1.435821344,34,7.43,3,49,29,4,6,25,14,49.45
Hyderabad,Venkat Reddy Colony,17.484234,78.31849,,23,29.2212963,Good,1.050797617,1.5291987,34,7.38,7,79,19,6,37,60,18,49.45
Hyderabad,Narne Estates,17.484234,78.336979,,23,30.91388889,Good,1.050797617,1.462362068,34,7.55,3,11,44,7,14,40,20,49.45
Hyderabad,APGOs Coop HSG Society,17.484234,78.355469,,23,30.91388889,Good,1.050797617,1.590197365,34,5.79,7,32,44,8,43,58,31,49.45
Hyderabad,Hafeezpet,17.484234,78.373959,,23,30.91388889,Good,1.050797617,1.488611532,34,8,8,101,28,9,26,62,33,49.45
Hyderabad,Kukatpally Housing Board Colony,17.484234,78.392449,,79,30.91388889,Good,1.050797617,1.433330212,34,10.5,17,211,70,24,116,69,31,49.45
Hyderabad,Balaji Nagar,17.484234,78.410938,,79,30.91388889,Good,1.050797617,1.58107499,34,8.53,10,308,12,1,70,65,32,49.45
Hyderabad,Mythri Nagar,17.484234,78.429428,,79,30.91388889,Good,1.050797617,1.513313427,34,7.69,3,17,4,5,10,26,35,49.45
Hyderabad,Adarsh Nagar,17.484234,78.447918,,79,24.20925926,Excellent,1.050797617,1.437646034,34,11.95,6,106,6,2,35,35,36,49.45
Hyderabad,Samatha Nagar,17.484234,78.484897,,79,24.20925926,Excellent,1.050797617,1.336128864,34,7.84,4,20,10,6,27,48,18,49.45
Hyderabad,Golla Guda,17.484234,78.503387,,101,35.83055556,Good,1.050797617,1.369294328,34,2,3,14,14,6,18,31,21,51.28
Hyderabad,Ward No 7 Secunderabad,17.484234,78.521877,,83,35.83055556,Good,1.050797617,1.244681418,34,10.29,0,1,11,5,5,10,25,51.28
Hyderabad,A.N Colony,17.484234,78.540367,,83,35.83055556,Good,1.050797617,1.345664954,34,7.7,7,120,34,7,50,66,21,51.28
Hyderabad,Bhaskar Rao Bahar Colony,17.484234,78.558856,,83,35.83055556,Good,1.050797617,1.488711876,34,5.9,7,108,32,7,85,67,16,51.28
Hyderabad,Bharat Nagar Colony,17.484234,78.577346,,83,42.26944444,Good,1.050797617,1.550309262,34,18.4,6,54,25,11,25,38,12,51.28
Hyderabad,Bapuji Nagar,17.484234,78.595836,,83,42.26944444,Good,1.050797617,1.388525481,34,2.2,3,40,14,3,29,47,8,51.28
Hyderabad,Bharat Heavy Electricals Limited,17.502252,78.3,,136,29.2212963,Good,1.050797617,1.453435149,34,6.1,4,7,12,7,24,25,12,49.45
Hyderabad,Vidya Nagar Colony,17.502252,78.31849,,85,30.91388889,Good,1.050797617,1.461043627,34,7.17,9,90,34,6,47,65,12,49.45
Hyderabad,Deepthisri Nagar,17.502252,78.336979,,23,30.91388889,Good,1.050797617,1.429452811,34,5.08,4,30,17,3,38,55,12,49.45
Hyderabad,Alluri Seetha Ramaraju Nagar,17.502252,78.355469,,65,30.91388889,Good,1.050797617,1.631188812,34,8.01,11,53,26,5,37,56,26,49.45
Hyderabad,Nadigada Tanda,17.502252,78.373959,,65,30.91388889,Good,1.050797617,1.536962232,34,7.85,3,1,17,14,11,27,28,49.45
Hyderabad,Sreenivasa Nagar,17.502252,78.392449,,65,30.91388889,Good,1.050797617,1.680899,34,7.84,14,70,26,3,61,90,29,49.45
Hyderabad,Navodaya Colony,17.502252,78.410938,,79,30.91388889,Good,1.050797617,1.584241447,34,7.5,8,21,23,4,63,111,31,49.45
Hyderabad,Beerappa Nagar,17.502252,78.429428,,79,24.20925926,Excellent,1.050797617,1.476852772,34,3.5,7,192,9,7,50,70,27,49.45
Hyderabad,Auronautic Enclave,17.502252,78.466408,,101,24.20925926,Excellent,1.050797617,1.529083536,34,8.22,9,91,17,6,43,76,13,49.45
Hyderabad,Alwal,17.502252,78.484897,,101,24.20925926,Excellent,1.050797617,1.440894241,34,5,2,1,14,1,13,14,16,49.45
Hyderabad,Dinakar Nagar,17.502252,78.503387,,101,35.83055556,Good,1.050797617,1.479856662,34,6.55,9,7,30,5,56,80,17,51.28
Hyderabad,Bolarum,17.502252,78.521877,,101,35.83055556,Good,1.050797617,1.307584491,34,20,0,0,8,4,14,9,15,51.28
Hyderabad,Yapral,17.502252,78.540367,,83,35.83055556,Good,1.050797617,1.319304776,34,6.8,6,140,29,3,18,36,17,51.28
Hyderabad,Overseas Gardens,17.502252,78.558856,,83,35.83055556,Good,1.050797617,1.222692791,34,6.3,1,4,16,4,6,21,14,51.28
Hyderabad,Saket,17.502252,78.577346,,83,35.83055556,Good,1.050797617,1.243672758,34,6.16,2,3,13,0,10,14,12,51.28
Hyderabad,Dammaiguda,17.502252,78.595836,,83,35.83055556,Good,1.050797617,1.31457568,34,4.51,12,39,8,5,18,38,9,51.28
Hyderabad,Vandanapuri Colony,17.52027,78.3,,84,30.91388889,Good,1.050797617,1.375531395,34,10.5,6,169,25,5,46,53,7,49.45
Hyderabad,Ameenpur,17.52027,78.31849,,84,30.91388889,Good,1.050797617,1.306519744,34,5.52,2,61,9,1,12,37,8,49.45
Hyderabad,Reddy Colony,17.52027,78.355469,,65,30.91388889,Good,1.050797617,1.355152277,34,6.54,5,72,18,0,10,22,20,49.45
Hyderabad,Krishnaja Hills,17.52027,78.373959,,65,30.91388889,Good,1.050797617,1.336326591,34,4.84,6,22,23,8,35,60,26,49.45
Hyderabad,prashanti Hills,17.52027,78.392449,,65,30.91388889,Good,1.050797617,1.43814504,34,7.32,12,81,57,10,55,100,28,49.45
Hyderabad,Mahadevpur Colony,17.52027,78.410938,,65,30.91388889,Good,1.050797617,1.355692536,34,2.5,3,33,10,3,19,37,27,49.45
Hyderabad,IDA Jeedimetla,17.52027,78.447918,,102,24.20925926,Excellent,1.050797617,1.44252611,34,6.5,9,28,9,1,50,33,16,49.45
Hyderabad,IDA Jeedimetla,17.52027,78.466408,,102,24.20925926,Excellent,1.050797617,1.445145278,34,6.5,1,18,8,3,10,14,16,49.45
Hyderabad,Caton Residential Township,17.52027,78.484897,,102,24.20925926,Excellent,1.050797617,1.335848315,34,6.33,4,49,10,5,30,25,13,51.28
Hyderabad,Shivanagar Colony,17.52027,78.503387,,102,35.83055556,Good,1.050797617,1.306957015,34,7.25,1,61,18,2,10,43,11,51.28
Hyderabad,Bison Environmental Park,17.52027,78.521877,,102,35.83055556,Good,1.050797617,1.2674312,34,5.4,0,1,11,5,10,19,12,51.28
Hyderabad,Kowkoor,17.52027,78.540367,,83,35.83055556,Good,1.050797617,1.220152326,34,9.4,3,9,13,6,0,19,14,51.28
Hyderabad,Chandrapuri Colony,17.52027,78.558856,,83,35.83055556,Good,1.050797617,1.216913408,34,3.2,4,17,5,2,15,22,11,51.28
Hyderabad,Ambedkar Nagar,17.52027,78.577346,,83,35.83055556,Good,1.050797617,1.069154091,34,8.58,0,20,2,2,4,12,7,51.28
Hyderabad,Secunderabad,17.52027,78.595836,,83,35.83055556,Good,1.050797617,1.099559227,34,5.53,0,0,4,0,1,2,6,51.28
Hyderabad,Raghavendra Colony,17.538288,78.3,,84,30.91388889,Good,1.050797617,1.219945175,34,8.81,4,2,12,11,6,20,2,49.45
Hyderabad,Ameenpur,17.538288,78.336979,,65,30.91388889,Good,1.050797617,1.194082955,34,5.38,0,0,4,2,0,2,2,49.45
Hyderabad,Bollaram Industrial Area,17.538288,78.355469,,65,30.91388889,Good,1.050797617,1.349422069,34,6.24,2,6,8,2,14,21,8,49.45
Hyderabad,Bachupally,17.538288,78.373959,,65,30.91388889,Good,1.050797617,1.324691885,34,6.45,1,8,11,1,8,10,12,49.45
Hyderabad,Vasanth Nagar Colony,17.538288,78.392449,,65,30.91388889,Good,1.050797617,1.243194449,34,7.7,7,76,24,7,10,44,20,49.45
Hyderabad,Lalsahebpet,17.538288,78.410938,,65,24.20925926,Excellent,1.050797617,1.221868118,34,5.4,1,0,5,0,0,4,23,49.45
Hyderabad,Sivalaya Nagar Colony,17.538288,78.429428,,102,24.20925926,Excellent,1.050797617,1.409217214,34,6,7,15,15,1,30,47,14,49.45
Hyderabad,Suraram,17.538288,78.447918,,102,24.20925926,Excellent,1.050797617,1.342550721,34,8,1,0,8,3,4,13,13,49.45
Hyderabad,Jaibery Colony,17.538288,78.466408,,102,24.20925926,Excellent,1.050797617,1.286898284,34,5.7,2,4,12,2,3,10,14,49.45
Hyderabad,Kompally,17.538288,78.484897,,102,35.83055556,Good,1.050797617,1.297524,34,6.45,6,57,4,2,39,25,13,51.28
Hyderabad,Secunderabad,17.538288,78.503387,,102,35.83055556,Good,1.050797617,1.212967496,34,5.53,2,0,8,3,1,7,9,51.28
Hyderabad,Rizala Bazar,17.538288,78.521877,,102,35.83055556,Good,1.050797617,1.216590864,34,7.25,1,1,10,4,3,4,7,51.28
Hyderabad,Bharat Nagar,17.538288,78.540367,,102,35.83055556,Good,1.050797617,1.198941864,34,4.95,2,0,9,4,2,1,6,51.28
Hyderabad,Hakimpet,17.538288,78.558856,,83,35.83055556,Good,1.050797617,1.005815053,34,5.43,0,0,7,2,2,5,1,51.28
Hyderabad,CRPF,17.538288,78.577346,,83,35.83055556,Good,1.050797617,1.037790122,34,1,0,0,19,6,1,5,1,51.28
Hyderabad,Secunderabad,17.538288,78.595836,,83,35.83055556,Good,1.050797617,1.043931926,34,5.53,0,0,2,1,0,0,2,51.28
