city,area,latitude,longitude,selectedParamsScore
Hyderabad,Miyapur,17.513901,78.344174,45.44735620241164
Hyderabad,Madhapur,17.446307,78.344174,50.04902010278822
Hyderabad,Gachibowli,17.440066,78.350586,46.58061891183556
Hyderabad,Manikonda,17.407018,78.376805,46.080077665938376
Hyderabad,Mehdipatnam,17.394672,78.432858,45.133891400470816
Hyderabad,Secunderabad,17.438784,78.498446,56.86052397999535
Hyderabad,Kowkoor,17.525348,78.538893,48.81543906952807
Hyderabad,Cherlapalli,17.472332,78.59735,46.48017867760091
Hyderabad,Mallapur,17.445814,78.574172,64.15560049020075
Hyderabad,Alwal,17.497421,78.506262,58.331856095572896
Hyderabad,Subhash Nagar,17.518575,78.460649,38.25034687042289
Hyderabad,Parvathapur,17.399465,78.614427,56.40712718310862
Hyderabad,Vanasthalipuram,17.332646,78.576408,54.33477948676012
Hyderabad,Balapur,17.309896,78.505912,46.28120079722075
Hyderabad,Vattepally,17.323246,78.457009,46.97639708162559
Hyderabad,Sagbowli,17.334142,78.43392,42.41695484442183
Hyderabad,Malakpet,17.372604,78.49097,67.91195805980666
Hyderabad,Koti,17.386587,78.479422,55.48638624665115
Hyderabad,Ameerpet,17.439347,78.445132,66.64399133263336
Hyderabad,Begumpet,17.444513,78.464715,50.11300215372555
