State/UT & Code,Constituency Name & Code,Total,Latitude,Longitude
Andhra Pradesh,Araku,74.87,18.3329216,82.8652583
Andhra Pradesh,Srikakulam,75.37,18.2949307,83.8938844
Andhra Pradesh,Vizianagaram,82.19,18.1141255,83.4114389
Andhra Pradesh,Visakhapatnam,72.03,17.6935526,83.2921297
Andhra Pradesh,Anakapalle,82.97,17.68897,83.003476
Andhra Pradesh,Kakinada,81.43,16.9437385,82.2350607
Andhra Pradesh,Amalapuram,84.97,16.5777179,82.0032621
Andhra Pradesh,Rajahmundry,81.85,17.0050454,81.7804732
Andhra Pradesh,Narsapuram,83.63,13.3695185,78.4594611
Andhra Pradesh,Eluru,84.73,16.7104257,81.1153816
Andhra Pradesh,Machilipatnam,85.42,16.1817369,81.1348181
Andhra Pradesh,Vijayawada,80.44,16.5115306,80.6160469
Andhra Pradesh,Guntur,80.16,16.2915189,80.4541588
Andhra Pradesh,Narsaraopet,86.68,,
Andhra Pradesh,Bapatla,86.57,15.9346161,80.3869706
Andhra Pradesh,Ongole,88.32,15.5058714,80.0499454
Andhra Pradesh,Nandyal,81.82,15.4736293,78.4806592
Andhra Pradesh,Kurnoolu,77.69,,
Andhra Pradesh,Ananthapur,81.7,14.5696934,77.6483072
Andhra Pradesh,Hindupur,85.91,13.8306127,77.492635
Andhra Pradesh,Kadapa,80.89,14.4752936,78.8216861
Andhra Pradesh,Nellore,80.49,14.4493717,79.9873763
Andhra Pradesh,Thirupathi,80.19,17.8152754,83.2067099
Andhra Pradesh,Rajampet,80.24,14.1935867,79.1585757
Andhra Pradesh,Chittoor,86.76,13.2026484,79.0032253
Arunachal Pradesh,Arunachal West,77.36,28.1702349,94.7979711
Arunachal Pradesh,Arunachal East,86.18,28.0580363,95.3322182
Assam,Kokrajhar ,83.95,26.4912103,90.1215209
Assam,Dhubri ,92.3,26.132275,90.1249962
Assam,Barpeta,85.4,26.345941,91.039708
Assam,Darrang,82.21,26.4373482,92.0047145
Assam,Guwahati,78.56,26.1805978,91.753943
Assam,Diphu,76.2,25.8371941,93.4383663
Assam,Karimganj,81.13,24.5828195,92.3725486
Assam,Silchar ,79.37,24.830302,92.7875689
Assam,Nagaon,85.15,26.3313646,92.7524763
Assam,Kaziranga,79.64,26.5892533,93.4084741
Assam,Sonitpur,78.74,26.7677707,92.7014089
Assam,Lakhimpur,76.83,27.1763356,94.1992932
Assam,Dibrugarh,76.92,27.4844597,94.9019447
Assam,Jorhat,80.57,26.7577925,94.2079645
Bihar,Valmiki Nagar ,60.33,,
Bihar,Paschim Champaran,61.78,26.7963891,84.5007693
Bihar,Purvi Champaran,59.9,,
Bihar,Sheohar,57.56,26.4934234,85.2717561
Bihar,Sitamarhi,56.25,26.5942841,85.500428
Bihar,Madhubani,53.08,26.3503076,86.2296424
Bihar,Jhanjharpur,54.56,26.287153,86.3403925
Bihar,Supaul,63.85,26.2768089,86.7959614
Bihar,Araria,62.02,26.1346459,87.4654062
Bihar,Kishanganj,62.91,26.2984144,87.9466715
Bihar,Katihar,63.92,25.5586421,87.6457196
Bihar,Purnia,63.12,25.7758723,87.4087667
Bihar,Madhepura,58.34,25.7806118,86.9364753
Bihar,Darbhanga,57.49,26.0829899,86.0324951
Bihar,Muzaffarpur,59.54,26.1482548,85.3316097
Bihar,Vaishali,62.63,25.7491702,85.3972164
Bihar,Gopalganj,52.52,26.4211166,84.3739133
Bihar,Siwan,52.48,26.131008,84.3910745
Bihar,Maharajganj,52.27,26.141011,84.5317912
Bihar,Saran,56.79,25.9214451,84.7759731
Bihar,Hajipur,58.57,25.6905702,85.2090351
Bihar,Ujiarpur,59.64,25.7590443,85.8171184
Bihar,Samastipur,60.21,25.7747884,85.8672314
Bihar,Begusarai,58.91,25.5125411,86.0883392
Bihar,Khagaria,57.62,25.4930513,86.6982264
Bihar,Bhagalpur,53.57,25.2861354,87.1304229
Bihar,Banka,54.57,24.8328273,86.8161114
Bihar,Munger,55.52,25.2202864,86.5161484
Bihar,Nalanda,49.91,25.1364914,85.4436546
Bihar,Patna Sahib,46.87,25.5859403,85.2306381
Bihar,Patliputra,59.15,25.6216198,85.0688695
Bihar,Arrah,50.24,25.560317,84.6632139
Bihar,Buxar,55.53,25.5044834,84.1097525
Bihar,Sasaram,57.34,24.9509656,84.0148733
Bihar,Karakat,54.73,25.1429246,84.303642
Bihar,Jahanabad,55.26,25.2420022,85.0206457
Bihar,Aurangabad,50.43,24.8033201,84.4110198
Bihar,Gaya,52.98,24.679389,85.0115833
Bihar,Nawada,43.37,24.8173249,85.5179085
Bihar,Jamui,51.26,24.7562513,86.3011128
Goa,North Goa,78.73,15.6044413,74.0017241
Goa,South Goa,75.29,15.219624,74.1159085
Gujarat,Kachchh,56.39,23.583333,70
Gujarat,Banaskantha,70.19,24.2693921,72.1620246
Gujarat,Patan,59.13,23.773753,71.6798581
Gujarat,Mahesana,60.9,23.6015557,72.3867981
Gujarat,Sabarkantha,64.19,23.8688506,73.013784
Gujarat,Gandhinagar,60.62,23.2232877,72.6492267
Gujarat,Ahmedabad East,55.42,23.0093131,72.6233148
Gujarat,Ahmedabad West,56.02,,
Gujarat,Surendranagar,55.69,22.8251395,71.6209736
Gujarat,Rajkot,60.34,22.3053263,70.8028377
Gujarat,Porbandar,52.57,21.6409,69.611
Gujarat,Jamnagar,57.84,22.4732415,70.0552102
Gujarat,Junagadh,59.54,21.5220416,70.4582458
Gujarat,Amreli,50.6,21.4176122,71.249609
Gujarat,Bhavnagar,54.79,21.7718836,72.1416449
Gujarat,Anand,65.76,22.5586555,72.9627227
Gujarat,Kheda,58.71,22.8532503,72.9953586
Gujarat,Panchmahal,59.68,22.6978098,73.5980682
Gujarat,Dahod,59.65,22.9194099,74.1342725
Gujarat,Vadodara,62.24,22.2973142,73.1942567
Gujarat,Chhota Udaipur,69.65,22.2224345,73.7778749
Gujarat,Bharuch,69.6,21.7080427,72.9956936
Gujarat,Bardoli,65.58,21.1338291,73.1053896
Gujarat,Navsari,60.23,20.952407,72.9323831
Gujarat,Valsad,73.27,20.4321957,73.1409893
Haryana,AMBALA,67.29,30.3843674,76.770421
Haryana,KURUKSHETRA,67.06,29.9693747,76.8482787
Haryana,SIRSA,69.87,29.6063041,74.9036568
Haryana,HISAR,65.3,29.2396596,75.8174505
Haryana,KARNAL,63.83,29.7255766,76.9106924
Haryana,SONIPAT,63.42,28.9953758,77.0233627
Haryana,ROHTAK,65.53,28.9010899,76.5801935
Haryana,BHIWANI,65.02,28.7931703,76.1391283
Haryana,GURGAON,62.02,28.4646148,77.0299194
Haryana,FARIDABAD,60.48,28.4031478,77.3105561
Himachal Pradesh,KANGRA,68.15,32.0768665,76.2985872
Himachal Pradesh,MANDI,73.97,31.6516617,77.0092542
Himachal Pradesh,HAMIRPUR,72.28,31.6539865,76.5403633
Himachal Pradesh,SHIMLA,71.7,31.1041526,77.1709729
Karnataka,Chikkodi,78.81,16.4265276,74.5861323
Karnataka,Belgaum,71.79,15.8572666,74.5069343
Karnataka,Bagalkot,72.91,16.1793224,75.6999315
Karnataka,Bijapur,66.59,16.8269911,75.7175387
Karnataka,Gulbarga,62.48,17.3310003,76.8334228
Karnataka,Raichur,64.9,16.0547194,76.9003647
Karnataka,Bidar,65.62,18.0207297,77.2487204
Karnataka,Koppal,71.23,15.5748238,76.3118494
Karnataka,Bellary,73.76,15.1430224,76.9173277
Karnataka,Haveri,77.86,14.7180267,75.3656423
Karnataka,Dharwad,74.51,15.3707296,75.1332867
Karnataka,Uttara Kannada,76.8,14.7253795,74.6403389
Karnataka,Davanagere,77.27,14.2558835,75.8303421
Karnataka,Shimoga,78.61,14.0556502,75.2380553
Karnataka,Udupi Chikmagalur,77.63,,
Karnataka,Hassan,78.06,13.0301852,76.1744968
Karnataka,Dakshina Kannada,78.02,12.8226433,75.2265036
Karnataka,Chitradurga,73.65,14.3049174,76.5296667
Karnataka,Tumkur,78.49,13.3400771,77.1006208
Karnataka,Mandya,82.05,12.6368939,76.7275477
Karnataka,Mysore,70.96,12.3051828,76.6553609
Karnataka,Chamarajanagar,77.04,11.95442,77.1069086
Karnataka,Bangalore Rural,68.52,13.0010872,77.3361225
Karnataka,Bangalore North,54.64,13.0414947,77.4623119
Karnataka,Bangalore central,54.16,12.9165004,77.5922463
Karnataka,Bangalore South,53.38,12.8641071,77.5544164
Karnataka,Chikkballapur,77.26,,
Karnataka,Kolar,78.51,13.1805066,78.2669329
Kerala,Kasaragod,76.76,12.4221964,75.1904446
Kerala,Kannur,78.22,11.8763836,75.3737973
Kerala,Vadakara,79.26,11.593818,75.5872715
Kerala,Wayanad,74.19,11.7151291,76.1271185
Kerala,Kozhikode,76.3,11.2450558,75.7754716
Kerala,Malappuram,73.44,11.1068448,76.1099551
Kerala,Ponnani,69.78,10.7800691,75.9189338
Kerala,Palakkad,74.16,10.7873691,76.4742172
Kerala,Alathur ,74.15,10.6458971,76.5436079
Kerala,Thrissur,73.63,10.5270099,76.214621
Kerala,Chalakudy,72.72,10.3041869,76.3371037
Kerala,Ernakulam,68.77,9.9837257,76.2740001
Kerala,Idukki,67.24,9.8154785,76.9991599
Kerala,Kottayam,66.7,9.6287383,76.6455326
Kerala,Alappuzha,75.99,9.5006651,76.4124143
Kerala,Mavelikkara ,67.07,9.2504893,76.5402433
Kerala,Pathanamthitta,64.27,9.2780841,76.9737443
Kerala,Kollam,69,8.8870815,76.5907017
Kerala,Attingal,70.44,8.6985965,76.8134401
Kerala,Thiruvananthapuram,67.22,8.4882267,76.947551
Madhya Pradesh,MORENA,59.01,26.3849794,77.8612721
Madhya Pradesh,BHIND,54.92,26.3518828,78.6863189
Madhya Pradesh,GWALIOR,62.3,26.2037247,78.1573628
Madhya Pradesh,GUNA,72.68,24.5001772,77.2600959
Madhya Pradesh,SAGAR,65.9,23.8083076,78.758254
Madhya Pradesh,TIKAMGARH,60.11,24.8552105,79.0472546
Madhya Pradesh,DAMOH,56.58,23.7981005,79.5419356
Madhya Pradesh,KHAJURAHO,57.11,24.8515132,79.9259786
Madhya Pradesh,SATNA,62.01,24.6954445,80.7770348
Madhya Pradesh,REWA,49.48,24.7560846,81.3810574
Madhya Pradesh,SIDHI,56.59,24.2112687,81.7000415
Madhya Pradesh,SHAHDOL,64.83,23.3002343,81.364771
Madhya Pradesh,JABALPUR,61.06,23.1701522,79.9324505
Madhya Pradesh,MANDLA,73.04,22.6871074,80.5816341
Madhya Pradesh,BALAGHAT,73.72,21.8611589,80.3237105
Madhya Pradesh,CHHINDWARA,79.93,22.2071897,78.798833
Madhya Pradesh,HOSHANGABAD,67.27,22.7545538,77.7198249
Madhya Pradesh,VIDISHA,74.81,23.8463003,77.8370209
Madhya Pradesh,BHOPAL,64.12,23.2584857,77.401989
Madhya Pradesh,RAJGARH,76.28,23.8716706,76.7744703
Madhya Pradesh,DEWAS,75.63,22.8057498,76.2940408
Madhya Pradesh,UJJAIN,73.83,23.1885131,75.7716562
Madhya Pradesh,MANDSOUR,75.49,,
Madhya Pradesh,RATLAM,73.23,23.50222,74.9551534
Madhya Pradesh,DHAR,72.92,22.5786572,75.2258637
Madhya Pradesh,INDORE,61.82,22.7203616,75.8681996
Madhya Pradesh,KHARGONE,76.18,21.9544729,75.7521248
Madhya Pradesh,KHANDWA,71.7,21.8203752,76.3555424
Madhya Pradesh,BETUL,73.59,21.8797472,77.8753651
Maharashtra,Nandurbar,70.76,21.5141622,74.5405513
Maharashtra,Dhule,60.33,21.1305215,74.4900614
Maharashtra,Jalgaon,58.52,20.8428826,75.5261246
Maharashtra,Raver,64.36,21.2222313,76.0444182
Maharashtra,Buldhana,62.12,20.562845,76.4086986
Maharashtra,Akola,61.95,20.7618123,77.1921157
Maharashtra,Amravati ,63.89,21.1545412,77.6442962
Maharashtra,Wardha,65.11,20.8256231,78.6131455
Maharashtra,Ramtek ,61.09,21.3957522,79.3257474
Maharashtra,Nagpur,54.49,21.1498134,79.0820556
Maharashtra,Bhandara Gondiya,67.63,21.4648324,80.1599128
Maharashtra,Gadchiroli ,72.15,19.7590704,80.1622807
Maharashtra,Chandrapur,67.68,20.0967555,79.5045475
Maharashtra,Yavatmal,63.1,20.0638677,78.3565663
Maharashtra,Hingoli,63.75,19.5431163,77.1739432
Maharashtra,Nanded,61.18,19.0940088,77.4831922
Maharashtra,Parbhani,62.67,19.2901981,76.6026443
Maharashtra,Jalna,69.42,19.918833,75.8708599
Maharashtra,Aurangabad,63.2,19.877263,75.3390241
Maharashtra,Dindori ,66.85,20.0305786,74.1476409
Maharashtra,Nashik,60.87,20.0112475,73.7902364
Maharashtra,Palghar,64.07,19.757249,73.0931199
Maharashtra,Bhiwandi,60.11,19.3025562,73.0588072
Maharashtra,Kalyan,50.28,19.2396742,73.1366482
Maharashtra,Thane,52.27,19.1943294,72.9701779
Maharashtra,Mumbai North,57.2,19.0977242,72.9071293
Maharashtra,Mumbai North West,55.04,19.0977242,72.9071293
Maharashtra,Mumbai North East,56.63,,
Maharashtra,Mumbai North Central,52.21,,
Maharashtra,Mumbai South Central,53.9,,
Maharashtra,Mumbai South,50.33,18.9752099,72.8239654
Maharashtra,Raigad,60.8,18.4928092,73.138071
Maharashtra,Maval,54.92,18.7639403,73.6978647
Maharashtra,Pune,53.57,18.5213738,73.8545071
Maharashtra,Baramati,59.54,18.2198537,74.4534054
Maharashtra,Shirur,54.2,18.7610989,74.209529
Maharashtra,Ahmednagar,66.73,19.1627725,74.8580243
Maharashtra,Shirdi ,63.12,19.7668121,74.4754386
Maharashtra,Beed,71.01,18.9918442,75.909784
Maharashtra,Osmanabad,64.24,18.2822454,76.0588166
Maharashtra,Latur ,62.77,18.3553347,76.7548997
Maharashtra,Solapur,59.3,17.8499067,75.2763203
Maharashtra,Madha,63.87,18.0713086,75.3623281
Maharashtra,Sangli,62.39,17.1726928,74.5867654
Maharashtra,Satara,63.19,17.6361289,74.2982781
Maharashtra,Ratnagiri,63.12,17.2826079,73.4569787
Maharashtra,Kolhapur,71.76,16.7028412,74.2405329
Maharashtra,Hatkanangale,71.34,16.7477491,74.4211932
Manipur,Inner Manipur,80.51,,
Manipur,Outer Manipur,76.15,,
Meghalaya,Shillong,74.03,25.5759931,91.8827872
Meghalaya,Tura,81.74,25.5125616,90.2171526
Mizoram,MIZORAM,57.1,23.2166575,92.7952078
Nagaland,Nagaland,57.84,25.7209382,94.1072118
Odisha,Bargarh,80.33,21.2319922,83.5652737
Odisha,Sundargarh,73.44,22.0605153,83.9359154
Odisha,Sambalpur,79.97,21.5570606,84.1528515
Odisha,Keonjhar,79.17,21.5,85.5
Odisha,Mayurbhanj,76.19,21.9156338,86.3961824
Odisha,Balasore,77.08,21.5006421,86.919884
Odisha,Bhadrak,73.49,20.9854052,86.5934226
Odisha,Jajpur,75.01,20.8746788,86.1215393
Odisha,Dhenkanal,78.37,20.8351494,85.6022305
Odisha,Bolangir,77.87,20.7502257,83.2499464
Odisha,Kalahandi,78.64,19.8265756,83.0408702
Odisha,Nabarangpur,82.54,19.228896,82.5665715
Odisha,Kandhamal,74.58,20.1306939,84.0790476
Odisha,Cuttack,71.31,20.4686,85.8792
Odisha,Kendrapara,71.47,20.5475164,86.5296168
Odisha,Jagatsinghpur,75.8,20.2593872,86.1660878
Odisha,Puri,75.58,19.8343066,85.6853295
Odisha,Bhubaneswar,64.69,20.2602964,85.8394521
Odisha,Aska,62.74,19.6060868,84.6724523
Odisha,Berhampur,65.61,21.4930851,86.6327298
Odisha,Koraput,77.97,18.7232023,82.6100596
Punjab,Gurdaspur,66.42,31.9037264,75.2275587
Punjab,Amritsar,56,31.6356659,74.8787496
Punjab,Khadoor Sahib,62.46,31.4241739,75.0982026
Punjab,Jalandhar,59.75,31.2922312,75.5678878
Punjab,Hoshiarpur,58.65,31.6092942,75.8459754
Punjab,Anandpur Sahib,61.9,31.2299862,76.5005778
Punjab,Ludhiana,60.18,30.9090157,75.851601
Punjab,Fatehgarh Sahib,62.58,30.6634041,76.3803
Punjab,Faridkot,63.41,30.6014507,74.7950176
Punjab,Firozpur,67.31,30.8753832,74.6525438
Punjab,Bathinda,69.42,30.1794813,75.0471098
Punjab,Sangrur,64.63,30.135717,75.8533326
Punjab,Patiala,63.6,30.2092777,76.3397231
Rajasthan,GANGANAGAR ,67.22,29.9049489,73.8792934
Rajasthan,BIKANER ,54.58,28.0159286,73.3171367
Rajasthan,CHURU,64.2,28.2047781,74.6912996
Rajasthan,JHUNJHUNU ,53.63,28.0810679,75.3792478
Rajasthan,SIKAR,58.43,27.6625058,75.0279905
Rajasthan,JAIPUR RURAL,57.67,26.9826904,76.0128262
Rajasthan,JAIPUR,64.01,26.9154576,75.8189817
Rajasthan,ALWAR,60.57,27.4140048,76.6170387
Rajasthan,BHARATPUR ,53.46,27.0246959,77.2920116
Rajasthan,KARAULI,50.05,26.4530971,77.0160461
Rajasthan,DAUSA ,56.45,26.8048658,76.4437457
Rajasthan,TONK,57.13,26.122266,75.8238631
Rajasthan,AJMER ,60.16,26.4691,74.639
Rajasthan,NAGAUR,57.59,26.9873443,73.7389011
Rajasthan,PALI,57.73,25.455221,73.419389
Rajasthan,JODHPUR,64.82,26.2967719,73.0351433
Rajasthan,BARMER,76.48,25.5814853,71.1924922
Rajasthan,JALORE ,63.17,25.2718629,72.4388121
Rajasthan,UDAIPUR ,67.19,24.578721,73.6862571
Rajasthan,BANSWARA ,74.39,23.4915046,74.3502172
Rajasthan,CHITTORGARH,69.08,24.7171578,74.4718129
Rajasthan,RAJSAMAND,58.82,25.2892459,73.8241077
Rajasthan,BHILWARA,60.74,25.4891177,74.3300726
Rajasthan,KOTA,71.86,25.1737019,75.8574194
Rajasthan,JHALAWAR,70.02,24.3132368,76.5221078
Sikkim,Sikkim,83.26,27.6501206,88.4058477
Tamil Nadu,TIRUVALLUR,68.78,13.1394221,79.9070839
Tamil Nadu,CHENNAI NORTH,60.33,13.2488282,80.3272478
Tamil Nadu,CHENNAI SOUTH,54.36,13.0831782,80.2783992
Tamil Nadu,CHENNAI CENTRAL,54.19,13.0824232,80.2759622
Tamil Nadu,SRIPERUMBUDUR,60.5,12.9666144,79.9458077
Tamil Nadu,KANCHEEPURAM,72.07,12.8796051,79.7042762
Tamil Nadu,ARAKKONAM,74.61,13.0839782,79.6700892
Tamil Nadu,VELLORE,73.77,12.9021849,79.061104
Tamil Nadu,KRISHNAGIRI,71.72,12.5152075,78.0093769
Tamil Nadu,DHARMAPURI,81.82,12.145613,78.1132217
Tamil Nadu,TIRUVANNAMALAI,74.71,12.4289282,78.99915
Tamil Nadu,ARANI,76.06,12.6862294,79.2992444
Tamil Nadu,VILUPPURAM,77.09,12.1166966,79.5989236
Tamil Nadu,KALLAKURICHI,79.73,11.7946847,79.0388211
Tamil Nadu,SALEM,78.79,11.6469616,78.2106958
Tamil Nadu,NAMAKKAL,78.98,11.3033889,78.118604
Tamil Nadu,ERODE,71.11,11.4905281,77.3505274
Tamil Nadu,TIRUPPUR,71.09,10.7915267,77.5325466
Tamil Nadu,NILGIRIS,71.39,11.4449997,76.69752
Tamil Nadu,COIMBATORE,65.23,11.0018115,76.9628425
Tamil Nadu,POLLACHI,70.65,10.6588234,77.00873
Tamil Nadu,DINDIGUL,71.52,10.4256897,77.815664
Tamil Nadu,KARUR,79.21,10.8217671,78.3828654
Tamil Nadu,TIRUCHIRAPPALLI,67.98,10.8071144,78.6880939
Tamil Nadu,PERAMBALUR,78.11,11.2902641,78.9300404
Tamil Nadu,CUDDALORE,73.41,11.520207,79.3396356
Tamil Nadu,CHIDAMBARAM,76.97,11.3920706,79.703025
Tamil Nadu,MAYILADUTHURAI,70.38,11.1018614,79.6503162
Tamil Nadu,NAGAPATTINAM,72.36,10.6026202,79.7619348
Tamil Nadu,THANJAVUR,68.66,10.659037,79.2014278
Tamil Nadu,SIVAGANGA,64.62,9.8486881,78.4870461
Tamil Nadu,MADURAI,62.42,9.9261153,78.1140983
Tamil Nadu,THENI,70.12,9.8692558,77.4222974
Tamil Nadu,VIRUDHUNAGAR,70.72,9.4926289,77.8631831
Tamil Nadu,RAMANATHAPURAM,68.61,9.5205576,78.5184635
Tamil Nadu,THOOTHUKKUDI,67.14,8.7567452,78.0797527
Tamil Nadu,TENKASI,68.07,9.0933908,77.4758373
Tamil Nadu,TIRUNELVELI,64.56,8.7284271,77.7112925
Tamil Nadu,KANNIYAKUMARI,66.14,8.3279814,77.3541173
Tripura,Tripura West,82.53,23.8347033,91.3670463
Tripura,Tripura East,81.06,,
Uttar Pradesh,Saharanpur,66.23,29.9856799,77.5040646
Uttar Pradesh,Kairana,62.52,29.394447,77.2052786
Uttar Pradesh,Muzaffarnagar,59.16,29.4496978,77.7429333
Uttar Pradesh,Bijnor,58.79,29.4074203,78.4821406
Uttar Pradesh,Nagina,60.8,29.538422,78.5151467
Uttar Pradesh,Moradabad,62.24,28.8796553,78.8095335
Uttar Pradesh,Rampur,55.89,28.7934728,79.1845806
Uttar Pradesh,Sambhal,62.96,28.4271927,78.5564546
Uttar Pradesh,Amroha,64.58,28.7952632,78.3436244
Uttar Pradesh,Meerut,59.01,29.0018557,77.7679671
Uttar Pradesh,Baghpat,56.13,29.0374779,77.3062737
Uttar Pradesh,Ghaziabad,49.88,28.7749966,77.4586967
Uttar Pradesh,Gautam Buddha Nagar,53.7,28.3687159,77.5970121
Uttar Pradesh,Bulandshahr,56.55,28.3874073,77.9743805
Uttar Pradesh,Aligarh,56.89,27.8761073,78.1358153
Uttar Pradesh,Hathras,55.67,27.5724324,78.1116209
Uttar Pradesh,Mathura,49.38,27.4955539,77.6855554
Uttar Pradesh,Agra,54.21,27.1752554,78.0098161
Uttar Pradesh,Fatehpur Sikri,57.25,27.0911655,77.6623984
Uttar Pradesh,Firozabad,58.48,27.1941954,78.4604956
Uttar Pradesh,Mainpuri,58.74,27.2093072,79.0625369
Uttar Pradesh,Etah,59.37,27.5550357,78.5992221
Uttar Pradesh,Badaun,54.4,28.0649367,79.043832
Uttar Pradesh,Aonla,57.56,28.2958741,79.1688538
Uttar Pradesh,Bareilly,58.16,28.4582344,79.4047452
Uttar Pradesh,Pilibhit,63.32,28.4947158,80.1076122
Uttar Pradesh,Shahjahanpur,53.52,27.9128583,79.7476254
Uttar Pradesh,Kheri,64.85,28.116667,80.716667
Uttar Pradesh,Dhaurahra,64.66,25.8354728,81.892584
Uttar Pradesh,Sitapur,62.64,27.5026747,80.8335139
Uttar Pradesh,Hardoi,57.65,27.3369978,80.0998232
Uttar Pradesh,Misrikh,56,27.4326561,80.5315179
Uttar Pradesh,Unnao,55.59,26.5673264,80.6198193
Uttar Pradesh,Mohanlalganj,62.99,26.6722274,81.0670433
Uttar Pradesh,Lucknow,52.45,26.8381,80.9346001
Uttar Pradesh,Rae Bareli,58.14,26.25,81.25
Uttar Pradesh,Amethi,54.53,26.346274,81.6252039
Uttar Pradesh,Sultanpur,55.73,26.2604732,82.2380532
Uttar Pradesh,Pratapgarh,51.58,25.75,81.75
Uttar Pradesh,Farrukhabad,59.08,27.4362002,79.4894778
Uttar Pradesh,Etawah,56.37,26.7155629,79.0917098
Uttar Pradesh,Kannauj,61.14,26.9986675,79.6927946
Uttar Pradesh,Kanpur,53.34,26.4609135,80.3217588
Uttar Pradesh,Akbarpur,58,26.4200687,82.5382541
Uttar Pradesh,Jalaun,56.16,26.1048633,79.3919136
Uttar Pradesh,Jhansi,63.88,25.529855,78.6527802
Uttar Pradesh,Hamirpur,60.65,25.75,80
Uttar Pradesh,Banda,59.74,25.4438537,80.5595237
Uttar Pradesh,Fatehpur,57.11,25.8348023,80.9154547
Uttar Pradesh,Kaushambi,52.82,25.5342456,81.4493567
Uttar Pradesh,Phulpur,49,26.0362585,82.7985315
Uttar Pradesh,Allahabad,51.87,25.4381302,81.8338005
Uttar Pradesh,Barabanki,67.26,26.9421406,81.3856087
Uttar Pradesh,Faizabad,59.17,26.7807986,82.1486589
Uttar Pradesh,Ambedkar Nagar,61.66,26.4045941,82.6065154
Uttar Pradesh,Baharaich,57.45,27.9892785,81.5950298
Uttar Pradesh,Kaiserganj,55.73,27.2991379,81.5633544
Uttar Pradesh,Shrawasti,52.84,,
Uttar Pradesh,Gonda,51.7,27.1103723,81.9238906
Uttar Pradesh,Domariyaganj,52.11,27.1962262,82.6785963
Uttar Pradesh,Basti,56.95,26.8387083,82.5350919
Uttar Pradesh,Sant Kabir Nagar,52.61,26.755082,83.0398545
Uttar Pradesh,Maharajganj,60.31,27.0936024,83.5660681
Uttar Pradesh,Gorakhpur,54.95,26.6677977,83.3642334
Uttar Pradesh,Kushi Nagar,57.58,,
Uttar Pradesh,Deoria,55.6,26.4239911,83.7638578
Uttar Pradesh,Bansgaon,51.81,26.4975381,83.3955752
Uttar Pradesh,Lalganj,54.54,25.9929388,81.6604115
Uttar Pradesh,Azamgarh,56.36,26.023639,83.0293105
Uttar Pradesh,Ghosi,55.04,26.1437509,83.488566
Uttar Pradesh,Salempur,51.42,26.2967211,83.921322
Uttar Pradesh,Ballia,52.03,25.8749594,84.1210329
Uttar Pradesh,Jaunpur,55.83,25.7967065,82.4888992
Uttar Pradesh,Machhlishahr,54.64,25.6875311,82.4109017
Uttar Pradesh,Ghazipur,55.29,25.6034862,83.5075888
Uttar Pradesh,Chandauli,60.51,25.125695,83.2494601
Uttar Pradesh,Varanasi,56.59,25.3356491,83.0076292
Uttar Pradesh,Bhadohi,53.22,25.424304,82.4883923
Uttar Pradesh,Mirzapur,57.89,24.9316896,82.6280163
Uttar Pradesh,Robertsganj,56.81,24.6266156,83.2403026
West Bengal,Coochbehar,82.44,26.340623,89.4812163
West Bengal,Alipurduars,79.97,,
West Bengal,Jalpaiguri,83.92,26.6262805,88.7334485
West Bengal,Darjeeling,74.91,27.0377554,88.263176
West Bengal,Raiganj,76.43,25.6271966,88.1317967
West Bengal,Balurghat,79.29,25.2234352,88.7780654
West Bengal,Maldaha Uttar,76.12,,
West Bengal,Maldaha Dakshin,76.88,,
West Bengal,Jangipur,75.79,24.4561534,88.1073968
West Bengal,Baharampur,77.55,24.1044927,88.2510635
West Bengal,Murshidabad,81.55,24.1745993,88.2721335
West Bengal,Krishnanagar,80.96,23.4058481,88.4958935
West Bengal,Ranaghat,82.14,23.1738124,88.563677
West Bengal,Bangaon,81.12,23.0434655,88.8317765
West Bengal,Barrackpur,75.56,22.9500887,88.4588846
West Bengal,Dum dum,74.13,22.6520597,88.4360417
West Bengal,Barasat,80.44,22.7191072,88.4826229
West Bengal,Basirhat,84.51,22.6611962,88.8660215
West Bengal,Jaynagar,80.42,22.1751976,88.4200808
West Bengal,Mathurapur,82.38,22.1202674,88.3943285
West Bengal,Diamond harbour,81.38,22.1926886,88.1894879
West Bengal,Jadavpur,77.13,22.495499,88.3709006
West Bengal,Kolkata Dakshin,67.27,22.3920605,88.2715765
West Bengal,Kolkata Uttar,63.66,22.3920605,88.2715765
West Bengal,Howrah,71.9,22.5736296,88.3251045
West Bengal,Uluberia,80.01,22.4700318,88.1011108
West Bengal,Sreerampur,76.6,22.6906877,88.830741
West Bengal,Hooghly,81.61,22.9099402,88.0120825
West Bengal,Arambag,82.82,22.8584799,87.8548716
West Bengal,Tamluk,85.17,22.2896984,87.9255933
West Bengal,Kanthi,85.24,21.7884623,87.7339077
West Bengal,Ghatal,82.49,22.6823015,87.699166
West Bengal,Jhargram,83.8,22.4538505,86.9949477
West Bengal,Medinipur,81.95,22.4207025,87.3269963
West Bengal,Purulia,78.66,23.2020967,86.3228988
West Bengal,Bankura,81.24,23.132377,87.2081925
West Bengal,Bishnupur,86.13,23.0757335,87.3146343
West Bengal,Bardhaman Purba,83.12,23.2377409,87.8706659
West Bengal,Bardhaman,81.09,23.2495714,87.8681751
West Bengal,Asansol,73.51,23.6871297,86.9746587
West Bengal,Bolpur,83.05,23.661154,87.6962424
West Bengal,Birbhum,82.19,24.0621532,87.6982823
Chhattisgarh,SURGUJA,79.97,22.9469135,83.1656942
Chhattisgarh,RAIGARH,78.96,22.2361795,83.3529534
Chhattisgarh,JANJGIR,67.77,22.0090841,82.578896
Chhattisgarh,KORBA,75.73,22.5198217,82.6350029
Chhattisgarh,BILASPUR,64.88,22.1638486,82.1365923
Chhattisgarh,RAJNANDGAON,77.46,21.0684424,80.7970779
Chhattisgarh,DURG,73.78,21.1982964,81.4007922
Chhattisgarh,RAIPUR,67,21.2380912,81.6336993
Chhattisgarh,MAHASAMUND,75.21,21.1922846,82.4890263
Chhattisgarh,BASTAR,68.46,19.1191282,81.8291865
Chhattisgarh,KANKER,76.39,20.2692747,81.4932111
Jharkhand,Rajmahal,71.44,25.053055,87.8304516
Jharkhand,Dumka,74.44,24.2677937,87.2485495
Jharkhand,Godda,69.1,24.8645886,87.2984838
Jharkhand,Chatra,64.35,24.1062316,84.8623379
Jharkhand,Kodarma,62.19,24.5423801,85.69301
Jharkhand,Giridih,67.79,24.3314546,86.1548117
Jharkhand,Dhanbad,62.52,23.7952809,86.4309638
Jharkhand,Ranchi,65.93,23.3700501,85.3250387
Jharkhand,Jamshedpur,68.36,22.8015194,86.2029579
Jharkhand,Singhbhum,69.8,22.5,85.5
Jharkhand,Khunti,70.73,22.9281801,85.2814475
Jharkhand,Lohardaga,67.09,23.4770044,84.6986684
Jharkhand,Palamu,61.92,24.2212983,84.1725565
Jharkhand,Hazaribagh,65.14,24.0866962,85.4912231
Uttarakhand,Tehri Garhwal,54.5,30.4658181,78.4837349
Uttarakhand,Garhwal,53.14,30.25,79.333333
Uttarakhand,Almora,49.33,29.7026509,79.4326318
Uttarakhand,Nainital,62.75,29.3905295,79.460869
Uttarakhand,Haridwar,63.9,29.9384473,78.1452985
Telangana,Adilabad ,74.94,19.6759452,78.5339895
Telangana,Peddapalle ,68.63,16.1722391,77.760645
Telangana,Karimnagar ,73.11,18.4348122,79.1328042
Telangana,Nizamabad,72.35,18.6732693,78.0978477
Telangana,Zahirabad,75.3,17.6758253,77.6106926
Telangana,Medak,75.86,17.9375095,78.211745
Telangana,Malkajgiri,51.28,17.4511764,78.5368997
Telangana,Secunderabad,49.45,17.4337246,78.5006827
Telangana,Hyderabad,48.79,17.360589,78.4740613
Telangana,Chevella,57.03,17.3062296,78.1370079
Telangana,Mahbubnagar,72.91,16.7434538,77.9923191
Telangana,Nagarkurnool,70.24,16.4157626,78.6830433
Telangana,Nalgonda,75.15,16.8579636,79.2174935
Telangana,Bhongir ,77.48,17.5172789,78.8863383
Telangana,Warangal,69.53,17.9820644,79.5970954
Telangana,Mahabubabad ,72.34,17.7138983,80.0413425
Telangana,Khammam ,76.74,17.2465351,80.1500326
Andaman & Nicobar Islands,Andaman & Nicobar Islands,64.16,11.6644385,92.7401576
Chandigarh,Chandigarh,68.03,30.7334421,76.7797143
Dadra & Nagar Haveli and Daman & Diu,Daman & Diu ,68.89,20.4547214,72.8632835
Dadra & Nagar Haveli and Daman & Diu,Dadar & Nagar Haveli,72.65,,
NCT OF Delhi,Chandni Chowk,58.69,,
NCT OF Delhi,North,63.04,,
NCT OF Delhi,East Delhi,59.6,,
NCT OF Delhi,New Delhi,55.53,,
NCT OF Delhi,North,58.01,,
NCT OF Delhi,West Delhi,58.81,,
NCT OF Delhi,South Delhi,56.52,,
Lakshadweep,Lakshadweep,84.98,10.8132489,73.6804621
Puducherry,PUDUCHERRY,79.24,11.9340568,79.8306447
Jammu and Kashmir,BARAMULLA,59.31,34.2086903,74.343498
Jammu and Kashmir,SRINAGAR,38.68,34.0747444,74.8204443
Jammu and Kashmir,ANANTNAG,55.5,33.74611,75.1854475
Jammu and Kashmir,UDHAMPUR,67.98,32.9219726,75.1331482
Jammu and Kashmir,JAMMU,72.02,32.7185614,74.8580917
Ladakh,Ladakh,71.19,34.1881895,77.7371752
