State/Union Territory,District,Rank in HDI
PD,Mahe,1
LK,Lakshadweep,2
KE,Kozhikode,3
KE,Ernakulam,4
KE,Malappuram,5
KE,Alappuzha,6
KE,Thrissur,7
TA,Chennai,8
KE,Kannur,9
KE,Kollam,10
GO,North Goa,11
KE,Kottayam,12
PU,Hoshiarpur,13
KE,Pathanamthitta,14
JA,Jammu,15
KE,Thiruvananthapuram,16
HA,Jhajjar,17
JA,Srinagar,18
PU,Pathankot,19
PU,Shahid Bhagat Singh Nagar,20
MH,Mumbai,21
DE,South West,22
DE,North West,23
KA,Bangalore,24
GO,South Goa,25
TA,Kanniyakumari,26
HA,Charkhi Dadri,27
DE,South East,28
KE,Kasaragod,29
KE,Palakkad,30
MH,Nagpur,31
DE,South,32
PU,Jalandhar,33
TE,Hyderabad,34
DE,North East,35
TE,Medchal-Malkajgiri,36
AN,South Andaman,37
PU,Fatehgarh Sahib,38
PU,Sahibzada Ajit Singh Nagar,39
PU,Rupnagar,40
KA,Dakshina Kannada,41
HA,Panchkula,42
HA,Sonipat,43
DE,New Delhi,44
PU,Gurdaspur,45
DE,East,46
HA,Rewari,47
DE,Central,48
MH,Mumbai Suburban,49
HA,Rohtak,50
PD,Puducherry,51
PU,Kapurthala,52
KA,Kolar,53
CD,Chandigarh,54
TA,Thiruvallur,55
DE,West,56
HA,Gurgaon,57
AR,Tawang,58
KA,Mandya,59
PU,Barnala,60
JA,Samba,61
PU,Patiala,62
UT,Dehradun,63
TA,Vellore,64
DE,Shahdara,65
TA,The Nilgiris,66
HA,Kaithal,67
MZ,Aizawl,68
MH,Thane,69
HA,Jind,70
PU,Amritsar,71
PU,Sangrur,72
PU,Ludhiana,73
HA,Hisar,74
JA,Pulwama,75
KA,Bangalore Rural,76
TA,Tiruppur,77
HA,Faridabad,78
JA,Kathua,79
HA,Panipat,80
KE,Idukki,81
HA,Mahendragarh,82
KA,Udupi,83
TA,Coimbatore,84
UP,Ghaziabad,85
JA,Anantnag,86
HA,Fatehabad,87
HA,Karnal,88
HP,Bilaspur,89
KA,Kodagu,90
HA,Yamunanagar,91
TE,Nalgonda,92
HP,Una,93
HA,Ambala,94
SI,East District,95
TE,Jangoan,96
TA,Namakkal,97
TA,Theni,98
WB,Kolkata,99
KE,Wayanad,100
TA,Thoothukkudi,101
TE,Warangal Urban,102
TA,Madurai,103
HA,Bhiwani,104
TE,Yadadri Bhuvanagiri,105
TE,Ranga Reddy,106
TE,Rajanna Sircilla,107
KA,Ramanagara,108
HP,Solan,109
HP,Hamirpur,110
HP,Shimla,111
HP,Mandi,112
KA,Hassan,113
TA,Tirunelveli,114
TE,Karimnagar,115
GU,Rajkot,116
HA,Kurukshetra,117
TA,Kancheepuram,118
MH,Kolhapur,119
PU,Moga,120
KA,Tumkur,121
MH,Sangli,122
KA,Chikmagalur,123
KA,Mysore,124
KA,Shimoga,125
MH,Pune,126
RA,Jaipur,127
PD,Yanam,128
UP,Gautam Buddha Nagar,129
DE,North,130
PU,Mansa,131
AP,West Godavari,132
PD,Karaikal,133
RA,Pali,134
MA,Indore,135
NG,Dimapur,136
CH,Durg,137
MH,Wardha,138
HP,Sirmaur,139
TE,Suryapet,140
HA,Sirsa,141
MZ,Kolasib,142
JA,Shupiyan,143
RA,Jhunjhunun,144
HP,Kangra,145
MZ,Champhai,146
DN,Diu,147
RA,Kota,148
TE,Peddapalli,149
TA,Salem,150
TA,Dharmapuri,151
TA,Erode,152
JA,Badgam,153
KA,Chikkaballapura,154
AR,West Kameng,155
PU,Tarn Taran,156
MZ,Serchhip,157
TA,Ramanathapuram,158
TE,Siddipet,159
PU,Muktsar,160
TA,Krishnagiri,161
AP,Y.S.R.,162
MZ,Saiha,163
PU,Firozpur,164
TA,Tiruchirappalli,165
MH,Chandrapur,166
PU,Bathinda,167
TE,Khammam,168
UT,Tehri Garhwal,169
MA,Gwalior,170
TA,Thanjavur,171
TE,Wanaparthy,172
RA,Sikar,173
RA,Ajmer,174
SI,South District,175
KA,Dharwad,176
HP,Kinnaur,177
MH,Amravati,178
MH,Raigarh,179
TA,Perambalur,180
KA,Uttara Kannada,181
TA,Sivaganga,182
PU,Faridkot,183
UT,Nainital,184
MA,Bhopal,185
AP,Chittoor,186
MH,Satara,187
AS,Kamrup Metropolitan,188
TE,Mancherial,189
HA,Palwal,190
DN,Daman,191
MH,Akola,192
TE,Jagitial,193
GU,Ahmadabad,194
MH,Sindhudurg,195
RA,Hanumangarh,196
TA,Karur,197
AP,East Godavari,198
MH,Aurangabad,199
AP,Prakasam,200
MN,Imphal West,201
JA,Leh (Ladakh),202
AP,Guntur,203
SI,North District,204
KA,Chamarajanagar,205
RA,Ganganagar,206
GU,Jamnagar,207
RA,Nagaur,208
UP,Baghpat,209
GU,Porbandar,210
TE,Nagarkurnool,211
SI,West District,212
AP,Srikakulam,213
MH,Ahmadnagar,214
UT,Garhwal,215
PU,Fazilka,216
MZ,Lunglei,217
TE,Mahabubnagar,218
GU,Surat,219
HP,Kullu,220
TA,Virudhunagar,221
TE,Nizamabad,222
TA,Tiruvannamalai,223
KA,Davanagere,224
CH,Raipur,225
HP,Chamba,226
OD,Khordha,227
UP,Meerut,228
UP,Hapur,229
UT,Rudraprayag,230
AP,Visakhapatnam,231
UT,Chamoli,232
GU,Gandhinagar,233
AR,Papum Pare,234
TA,Cuddalore,235
MH,Buldana,236
MH,Osmanabad,237
NG,Kohima,238
AP,Anantapur,239
UT,Udham Singh Nagar,240
MH,Bhandara,241
AP,Krishna,242
RA,Churu,243
KA,Chitradurga,244
KA,Belgaum,245
TA,Thiruvarur,246
TE,Warangal Rural,247
MH,Latur,248
RA,Bikaner,249
TA,Dindigul,250
WB,North Twenty Four Parganas,251
AP,Sri Potti Sriramulu Nellore,252
UT,Pithoragarh,253
MH,Jalgaon,254
RA,Jodhpur,255
TE,Mahabubabad,256
TA,Viluppuram,257
JA,Udhampur,258
UP,Lucknow,259
JA,Ganderbal,260
GU,Valsad,261
GU,Vadodara,262
GU,Junagadh,263
TE,Sangareddy,264
UT,Uttarkashi,265
MH,Solapur,266
AR,Lower Dibang Valley,267
GU,Morbi,268
UP,Bulandshahr,269
UP,Muzaffarnagar,270
UP,Kanpur Nagar,271
CH,Dhamtari,272
CH,Balod,273
MH,Gondiya,274
TE,Bhadradri Kothagudem,275
MZ,Mamit,276
UT,Bageshwar,277
RA,Rajsamand,278
UP,Agra,279
MH,Ratnagiri,280
JA,Punch,281
MH,Yavatmal,282
JA,Rajouri,283
TE,Nirmal,284
WB,Darjeeling,285
UT,Hardwar,286
WB,Haora,287
AP,Vizianagaram,288
MA,Ujjain,289
UP,Bijnor,290
UP,Varanasi,291
MH,Palghar,292
OD,Puri,293
MN,Imphal East,294
TA,Nagapattinam,295
GU,Gir Somnath,296
MA,Neemuch,297
TE,Jayashankar Bhupalapally,298
RA,Alwar,299
GU,Navsari,300
UT,Champawat,301
KA,Bellary,302
AR,East Siang,303
JA,Kupwara,304
MH,Hingoli,305
RA,Jalor,306
AN,Nicobars,307
UP,Etawah,308
JA,Baramula,309
TE,Jogulamba Gadwal,310
KA,Gadag,311
RA,Dausa,312
MH,Bid,313
RA,Bhilwara,314
JA,Kulgam,315
OD,Ganjam,316
MH,Washim,317
AP,Kurnool,318
HP,Lahul and Spiti,319
UP,Saharanpur,320
MH,Nashik,321
TA,Ariyalur,322
UP,Deoria,323
TE,Vikarabad,324
TE,Kamareddy,325
UP,Jhansi,326
NG,Mokokchung,327
WB,Paschim Barddhaman,328
UP,Mathura,329
GU,Kachchh,330
AN,North and Middle Andaman,331
CH,Rajnandgaon,332
JA,Bandipore,333
UP,Moradabad,334
JA,Kishtwar,335
TA,Pudukkottai,336
TR,West Tripura,337
GU,Botad,338
UT,Almora,339
MH,Jalna,340
GU,Amreli,341
MH,Nanded,342
JH,Ranchi,343
MA,Bhind,344
UP,Jyotiba Phule Nagar,345
RA,Barmer,346
AR,West Siang,347
KA,Bidar,348
WB,Hugli,349
KA,Haveri,350
UP,Aligarh,351
MH,Parbhani,352
JH,Dhanbad,353
NG,Wokha,354
MY,West Garo Hills,355
JH,Purbi Singhbhum,356
RA,Udaipur,357
TE,Medak,358
JA,Doda,359
GU,Bhavnagar,360
AR,Lower Subansiri,361
JH,Bokaro,362
JA,Reasi,363
OD,Cuttack,364
UP,Jaunpur,365
GU,Bharuch,366
AR,Kra Daadi,367
OD,Jagatsinghapur,368
KA,Bagalkot,369
GU,Surendranagar,370
MH,Dhule,371
MA,Harda,372
MA,Mandsaur,373
CH,Bemetara,374
AR,Lohit,375
RA,Chittaurgarh,376
OD,Jharsuguda,377
CH,Kabeerdham,378
RA,Jaisalmer,379
UP,Firozabad,380
MA,Dewas,381
RA,Baran,382
GU,Anand,383
MA,Khargone (West Nimar),384
UP,Shamli,385
MH,Gadchiroli,386
BI,Patna,387
RA,Tonk,388
RA,Bharatpur,389
GU,Mahesana,390
AR,Dibang Valley,391
KA,Gulbarga,392
UP,Gorakhpur,393
MA,Khandwa (East Nimar),394
KA,Bijapur,395
BI,Rohtas,396
RA,Bundi,397
CH,Janjgir—Champa,398
OD,Nayagarh,399
BI,Munger,400
RA,Sirohi,401
JH,Ramgarh,402
MA,Agar Malwa,403
UP,Mahamaya Nagar,404
RA,Sawai Madhopur,405
JA,Kargil,406
MA,Ratlam,407
UP,Sant Ravidas Nagar (Bhadohi),408
MA,Morena,409
MA,Shajapur,410
MN,Bishnupur,411
MA,Burhanpur,412
UP,Mau,413
AR,Upper Siang,414
MA,Sehore,415
MA,Datia,416
UP,Ballia,417
AS,Jorhat,418
MA,Hoshangabad,419
UP,Chandauli,420
RA,Dhaulpur,421
UP,Mirzapur,422
UP,Faizabad,423
MN,Thoubal,424
BI,Bhojpur,425
OD,Kendrapara,426
JH,Hazaribagh,427
GU,Patan,428
MY,East Khasi Hills,429
UP,Azamgarh,430
CH,Bilaspur,431
TE,Adilabad,432
MN,Churachandpur,433
AS,Sivasagar,434
MA,Tikamgarh,435
UP,Bareilly,436
CH,Baloda Bazar,437
UP,Mainpuri,438
JH,Kodarma,439
BI,Buxar,440
RA,Karauli,441
MA,Raisen,442
BI,Bhagalpur,443
BI,Siwan,444
WB,Nadia,445
UP,Rampur,446
GU,Sabar Kantha,447
UP,Jalaun,448
UP,Farrukhabad,449
UP,Ghazipur,450
UP,Pratapgarh,451
MN,Chandel,452
KA,Raichur,453
AR,Changlang,454
RA,Jhalawar,455
UP,Mahrajganj,456
AS,Kamrup,457
KA,Koppal,458
GU,Devbhumi Dwarka,459
WB,Jalpaiguri,460
MA,Sagar,461
MA,Dhar,462
DN,Dadra &amp; Nagar Haveli,463
MZ,Lawngtlai,464
UP,Allahabad,465
MA,Chhindwara,466
OD,Subarnapur,467
CH,Raigarh,468
JA,Ramban,469
RA,Dungarpur,470
CH,Uttar Bastar Kanker,471
WB,Purba Barddhaman,472
AS,Dima Hasao,473
UP,Basti,474
CH,Korba,475
BI,Nawada,476
OD,Baleshwar,477
KA,Yadgir,478
BI,Aurangabad,479
BI,Nalanda,480
MA,Narsimhapur,481
UP,Kushinagar,482
OD,Sambalpur,483
UP,Hamirpur,484
BI,Jehanabad,485
OD,Jajapur,486
CH,Mahasamund,487
OD,Bhadrak,488
AR,Tirap,489
AS,Hojai,490
WB,South Twenty Four Parganas,491
UP,Mahoba,492
UP,Etah,493
AS,Bongaigaon,494
UP,Auraiya,495
BI,Sheikhpura,496
MA,Betul,497
OD,Dhenkanal,498
OD,Bargarh,499
AR,Siang,500
AR,East Kameng,501
GU,Aravali,502
TE,Komaram Bheem Asifabad,503
AS,Dibrugarh,504
MA,Jabalpur,505
MY,East Garo Hills,506
OD,Sundargarh,507
TR,North Tripura,508
CH,Mungeli,509
UP,Sambhal,510
MA,Vidisha,511
MN,Senapati,512
GU,Kheda,513
TR,Sepahijala,514
BI,Lakhisarai,515
AS,Nalbari,516
UP,Sultanpur,517
TR,Gomati,518
OD,Anugul,519
UP,Ambedkar Nagar,520
CH,Koriya,521
UP,Shahjahanpur,522
CH,Gariyaband,523
MA,Guna,524
BI,Gopalganj,525
MA,Chhatarpur,526
OD,Balangir,527
MY,South Garo Hills,528
UP,Kanpur Dehat,529
MA,Satna,530
BI,Saran,531
MA,Rajgarh,532
HA,Mewat,533
AS,Kokrajhar,534
MY,North Garo Hills,535
BI,Muzaffarpur,536
GU,Panch Mahals,537
UP,Sant Kabir Nagar,538
MA,Shivpuri,539
AS,Tinsukia,540
JH,Giridih,541
AS,Karbi Anglong,542
GU,Banas Kantha,543
UP,Gonda,544
UP,Rae Bareli,545
UP,Kannauj,546
UP,Pilibhit,547
MY,South West Garo Hills,548
BI,Vaishali,549
GU,Mahisagar,550
NG,Peren,551
MA,Balaghat,552
BI,Arwal,553
BI,Gaya,554
WB,Maldah,555
UP,Kanshiram Nagar,556
AS,Lakhimpur,557
GU,Tapi,558
JH,Saraikela-Kharsawan,559
MA,Mandla,560
UP,Lalitpur,561
MH,Nandurbar,562
BI,Begusarai,563
WB,Murshidabad,564
UP,Unnao,565
MA,Ashoknagar,566
BI,Kaimur (Bhabua),567
AS,Sonitpur,568
RA,Pratapgarh,569
WB,Bankura,570
WB,Dakshin Dinajpur,571
MA,Singrauli,572
MA,Katni,573
OD,Baudh,574
MA,Anuppur,575
MA,Seoni,576
WB,Birbhum,577
MA,Damoh,578
AS,Barpeta,579
UP,Amethi,580
TR,Dhalai,581
RA,Banswara,582
AR,Kurung Kumey,583
AR,Anjaw,584
UP,Siddharthnagar,585
JH,Lohardaga,586
MA,Umaria,587
OD,Kendujhar,588
TR,Khowai,589
AS,Golaghat,590
WB,Puruliya,591
AS,Goalpara,592
AS,Chirang,593
UP,Fatehpur,594
WB,Purba Medinipur,595
MA,Shahdol,596
OD,Debagarh,597
TR,South Tripura,598
CH,Surguja,599
CH,Surajpur,600
WB,Paschim Medinipur,601
NG,Zunheboto,602
MA,Barwani,603
NG,Phek,604
AS,Cachar,605
AS,Biswanath,606
MA,Sheopur,607
GU,Narmada,608
JH,Palamu,609
MY,Ribhoi,610
BI,Banka,611
UP,Kaushambi,612
AS,Darrang,613
WB,Uttar Dinajpur,614
WB,Koch Bihar,615
BI,Darbhanga,616
AS,Dhemaji,617
BI,Purba Champaran,618
BI,Jamui,619
MN,Tamenglong,620
MY,East Jantia Hills,621
AR,Namsai,622
UP,Budaun,623
AS,Majuli,624
AS,Udalguri,625
AS,Dhubri,626
CH,Dantewada,627
UP,Sonbhadra,628
BI,Khagaria,629
TR,Unakoti,630
OD,Nuapada,631
AS,Baksa,632
AS,Nagaon,633
UP,Chitrakoot,634
AS,Charaideo,635
AS,Morigaon,636
AR,Upper Subansiri,637
MY,South West Khasi Hills,638
MN,Ukhrul,639
JH,Jamtara,640
OD,Gajapati,641
UP,Bara Banki,642
UP,Kheri,643
BI,Madhubani,644
MA,Sidhi,645
AS,Karimganj,646
GU,Chhota Udaipur,647
JH,Chatra,648
MA,Panna,649
BI,Sheohar,650
OD,Kandhamal,651
MA,Rewa,652
JH,Garhwa,653
CH,Bastar,654
UP,Balrampur,655
OD,Kalahandi,656
OD,Rayagada,657
JH,Godda,658
UP,Banda,659
AS,Hailakandi,660
JH,Deoghar,661
NG,Tuensang,662
JH,Dumka,663
BI,Sitamarhi,664
BI,Samastipur,665
CH,Narayanpur,666
OD,Koraput,667
AR,Longding,668
UP,Hardoi,669
BI,Pashchim Champaran,670
NG,Kiphire,671
MY,West Jaintia Hills,672
CH,Jashpur,673
AS,West Karbi Anglong,674
CH,Kodagaon,675
GU,The Dangs,676
MA,Dindori,677
NG,Mon,678
CH,Balrampur,679
MA,Jhabua,680
JH,Simdega,681
OD,Mayurbhanj,682
UP,Sitapur,683
GU,Dohad,684
JH,Sahibganj,685
NG,Longleng,686
OD,Malkangiri,687
BI,Katihar,688
JH,Gumla,689
BI,Purnia,690
BI,Saharsa,691
AS,South Salmara Mancachar,692
BI,Kishanganj,693
JH,Khunti,694
JH,Latehar,695
MA,Alirajpur,696
BI,Araria,697
JH,Pashchimi Singhbhum,698
UP,Shrawasti,699
JH,Pakur,700
MY,West Khasi Hills,701
CH,Bijapur,702
BI,Madhepura,703
OD,Nabarangapur,704
UP,Bahraich,705
CH,Sukma,706
BI,Supaul,707
KA,Bengaluru,24
