city,area,latitude,longitude,pincode,aqi,wqi,wqi_category,congestion,local_congestion,hdi_rank,sqft_price,supermarket,store,park,playground,hospital,school,library,police,voter_turnout
Hyderabad,Miyapur,17.513901,78.344174,-,93,30.91388889,Good,1.228860427,1.27387924,34,7.48,5,12,26,5,11,36,15,10,49.45
Hyderabad,Madhapur,17.446307,78.344174,-,24,29.2212963,Good,1.228860427,1.265403653,34,,0,0,28,1,3,0,23,12,49.45
Hyderabad,Gachibowli,17.440066,78.350586,-,24,29.2212963,Good,1.228860427,1.30795226,34,11.62,2,14,34,8,19,9,21,14,48.79
Hyderabad,Manikonda,17.407018,78.376805,-,92,29.2212963,Good,1.228860427,1.29981562,34,8.79,11,147,20,7,54,64,25,11,48.79
Hyderabad,Mehdipatnam,17.394672,78.432858,-,54,13.95740741,Excellent,1.228860427,1.644423842,34,,10,181,29,4,60,57,41,38,48.79
Hyderabad,Secunderabad,17.438784,78.498446,-,54,11.49907407,Excellent,1.228860427,1.5809163,34,5.87,7,220,22,13,83,70,71,38,49.45
Hyderabad,Kowkoor,17.525348,78.538893,-,104,35.83055556,Good,1.228860427,1.151706678,34,,2,15,8,3,1,15,13,3,51.28
Hyderabad,Cherlapalli,17.472332,78.59735,-,96,42.26944444,Good,1.228860427,1.275023803,34,8.85,0,10,7,1,4,6,8,8,51.28
Hyderabad,Mallapur,17.445814,78.574172,-,79,42.26944444,Good,1.228860427,1.274399107,34,5.5,5,72,17,9,37,46,20,12,51.28
Hyderabad,Alwal,17.497421,78.506262,-,104,35.83055556,Good,1.228860427,1.366460363,34,,8,165,29,7,48,75,20,11,51.28
Hyderabad,Subhash Nagar,17.518575,78.460649,-,104,24.20925926,Excellent,1.228860427,1.335895276,34,6.38,0,130,3,6,7,16,15,12,49.45
Hyderabad,Parvathapur,17.399465,78.614427,-,79,47.65185185,Good,1.228860427,1.175596095,34,6.38,1,14,9,1,12,15,5,6,51.28
Hyderabad,Vanasthalipuram,17.332646,78.576408,-,79,30.26944444,Good,1.228860427,1.307821066,34,6.38,11,203,33,6,80,62,21,10,48.79
Hyderabad,Balapur,17.309896,78.505912,-,79,49.64907407,Good,1.228860427,1.187288431,34,6.38,2,11,6,5,4,15,16,9,48.79
Hyderabad,Vattepally,17.323246,78.457009,-,100,49.59166667,Good,1.228860427,1.296362587,34,6.38,7,97,8,2,31,74,18,21,48.79
Hyderabad,Sagbowli,17.334142,78.43392,-,100,49.59166667,Good,1.228860427,1.210939133,34,,6,1,11,4,17,42,14,20,48.79
Hyderabad,Malakpet,17.372604,78.49097,-,79,48.48611111,Good,1.228860427,1.340219165,34,3.33,11,95,19,13,79,88,121,84,48.79
Hyderabad,Koti,17.386587,78.479422,-,79,34.925,Good,1.228860427,1.554475287,34,6.96,7,608,20,9,102,70,91,107,48.79
Hyderabad,Ameerpet,17.439347,78.445132,-,76,42.53055556,Good,1.228860427,1.430523571,34,7.64,15,278,37,10,127,110,48,38,49.45
Hyderabad,Begumpet,17.444513,78.464715,-,67,29.46574074,Good,1.228860427,1.399208458,34,,4,128,19,6,32,45,74,35,49.45
