city,area,latitude,longitude,congestion
Bengaluru,Unknown,12.8,77.473959,1.031046164334119
Bengaluru,UNKNOWN,12.8,77.4,1.0965656665747594
Bengaluru,UNKNOWN,12.8,77.41849,1.031046164334119
Bengaluru,JP Nagar 7th Phase,12.888198,77.57832,1.5170594493087248
Bengaluru,Banashankari,12.93143,77.54996,1.6090885867216342
Bengaluru,Koramangala,12.910879,77.644321,1.4931206497133447
Bengaluru,Indira Nagar,12.978421,77.642514,1.7778701939507977
Bengaluru,Whitefield,12.970655,77.751396,1.540472001921911
Bengaluru,Varthur,12.939825,77.741782,1.5018452766959487
Bengaluru,Kengeri,12.922673,77.486528,1.337222219313893
Bengaluru,UNKNOWN,12.8,77.4,1.0474851775778924
Bengaluru,UNKNOWN,12.8,77.41849,1.0088432551483442
Bengaluru,Parasina Palya,12.8,77.436979,1.0147142732466228
Bengaluru,UNKNOWN,12.8,77.455469,1.0732259001490243
Bengaluru,Unknown,12.8,77.473959,0.996800351142501
Bengaluru,UNKNOWN,12.8,77.492449,1.0438908655146861
Bengaluru,UNKNOWN,12.8,77.510938,1.181132814856218
Bengaluru,UNKNOWN,12.8,77.529428,1.044383317499355
Bengaluru,UNKNOWN,12.8,77.547918,1.0139444427368942
Bengaluru,UNKNOWN,12.8,77.566408,1.046288063125654
Bengaluru,UNKNOWN,12.8,77.584897,1.1097893681749185
Bengaluru,Malle Nalsandra,12.8,77.603387,1.0721904191405978
Bengaluru,Koppa Gate,12.8,77.621877,1.1190531221056659
Bengaluru,Nanjapura,12.8,77.640367,1.1067856123015445
Bengaluru,Bommasandra Industrial Area,12.8,77.658856,1.2704017629769473
Bengaluru,RK Township,12.8,77.677346,1.254124554276572
Bengaluru,UNKNOWN,12.8,77.695836,1.3137760635003566
Bengaluru,Terracon Doctors Enclave,12.8,77.714325,1.1740778582668094
Bengaluru,Guddahatti,12.8,77.732815,1.098698389124131
Bengaluru,KHB 3rd Phase,12.8,77.751305,1.0019394670285668
Bengaluru,Jigala,12.8,77.769795,1.102954224665774
Bengaluru,Bidaraguppe,12.8,77.788284,1.0631392568243765
Bengaluru,UNKNOWN,12.818018,77.4,1.0682413802612274
Bengaluru,UNKNOWN,12.818018,77.41849,1.0778854849811796
Bengaluru,UNKNOWN,12.818018,77.436979,1.0143005790730695
Bengaluru,UNKNOWN,12.818018,77.455469,0.9930457260078258
Bengaluru,Chinnakurchi,12.818018,77.473959,0.9803202791164961
Bengaluru,UNKNOWN,12.818018,77.492449,0.9978540447601832
Bengaluru,UNKNOWN,12.818018,77.510938,1.1202667727215059
Bengaluru,UNKNOWN,12.818018,77.529428,1.1017681055239934
Bengaluru,UNKNOWN,12.818018,77.547918,1.0083246821695755
Bengaluru,Bilwaradahalli,12.818018,77.566408,1.0245227802026897
Bengaluru,Gollahalli,12.818018,77.584897,1.1140911282652284
Bengaluru,UNKNOWN,12.818018,77.603387,1.0570410392867315
Bengaluru,UNKNOWN,12.818018,77.621877,1.0750196859890706
Bengaluru,Vabasandra,12.818018,77.640367,1.1192570617332005
Bengaluru,Bommasandra Industrial Area,12.818018,77.658856,1.2312903980920091
Bengaluru,Bommasandra Industrial Area,12.818018,77.677346,1.5133247232961677
Bengaluru,Bommasandra Industrial Area,12.818018,77.695836,1.2228553729621385
Bengaluru,UNKNOWN,12.818018,77.714325,1.144038986426499
Bengaluru,Ali Bommasandra,12.818018,77.732815,1.1104249834063105
Bengaluru,Muthanallur Amanikere,12.818018,77.751305,0.9762111271066988
Bengaluru,BEML Cooperative Society Layout,12.818018,77.769795,1.0081781017499365
Bengaluru,BEML Cooperative Society Layout,12.818018,77.788284,1.0317895977449385
Bengaluru,Kumbalgodu State Forest,12.836036,77.4,1.001372652521348
Bengaluru,UNKNOWN,12.836036,77.41849,1.0636386787042917
Bengaluru,UNKNOWN,12.836036,77.436979,1.0802556114670905
Bengaluru,Vasanthanahalli,12.836036,77.455469,0.9960554948852902
Bengaluru,UNKNOWN,12.836036,77.473959,1.015257412723048
Bengaluru,UNKNOWN,12.836036,77.492449,1.0446054802177236
Bengaluru,UNKNOWN,12.836036,77.510938,1.1234177994988932
Bengaluru,UNKNOWN,12.836036,77.529428,1.1496086375770647
Bengaluru,UNKNOWN,12.836036,77.547918,1.038430473641141
Bengaluru,UNKNOWN,12.836036,77.566408,1.082546226537866
Bengaluru,UNKNOWN,12.836036,77.584897,1.2792567760259144
Bengaluru,UNKNOWN,12.836036,77.603387,1.1904007872893814
Bengaluru,UNKNOWN,12.836036,77.621877,1.146445146253031
Bengaluru,Bettadasanapura,12.836036,77.640367,1.225490996845383
Bengaluru,Indra Nagar,12.836036,77.658856,1.365306592524661
Bengaluru,Veer Sandra,12.836036,77.677346,1.4752781914870567
Bengaluru,Shree Ananth Nagar Layout,12.836036,77.695836,1.2311688774842653
Bengaluru,Singena Agrahara,12.836036,77.714325,1.1101337774832787
Bengaluru,Muthanallur,12.836036,77.732815,1.054252909074677
Bengaluru,Gopasandra,12.836036,77.751305,0.9903609623588485
Bengaluru,"Kotiganahalli, Karnataka 562125, India",12.836036,77.769795,1.0227013096494062
Bengaluru,Billapura,12.836036,77.788284,1.046214127587006
Bengaluru,Kumbalgodu State Forest,12.854054,77.4,0.956247013888361
Bengaluru,UNKNOWN,12.854054,77.41849,1.0374440381136751
Bengaluru,UNKNOWN,12.854054,77.436979,1.1235555990942612
Bengaluru,Gudimavu,12.854054,77.455469,1.051916837327397
Bengaluru,Kamiahnapalya,12.854054,77.473959,1.0313196073671107
Bengaluru,Siddanapalya,12.854054,77.492449,1.0405920141431138
Bengaluru,Rachanamadu,12.854054,77.510938,1.0563574524601125
Bengaluru,UNKNOWN,12.854054,77.529428,1.127240359033752
Bengaluru,UNKNOWN,12.854054,77.547918,1.1099421806789689
Bengaluru,Anjanapura 9th Block,12.854054,77.566408,1.0967980707316847
Bengaluru,South Avenue,12.854054,77.584897,1.3952280245244524
Bengaluru,Eagle Ridge,12.854054,77.603387,1.2308844745120195
Bengaluru,Mylasandra,12.854054,77.621877,1.178373139384989
Bengaluru,Vittasandra,12.854054,77.640367,1.2347871215558823
Bengaluru,Konappana Agrahara,12.854054,77.658856,1.4465070270289195
Bengaluru,Phase II,12.854054,77.677346,1.4145911518406142
Bengaluru,Gulimangala,12.854054,77.695836,1.1686329528107202
Bengaluru,Harohalli,12.854054,77.714325,1.1001724460109765
Bengaluru,UNKNOWN,12.854054,77.732815,1.104757532859925
Bengaluru,Kada Agrahara,12.854054,77.751305,1.0918031114046778
Bengaluru,Sree Narayana Nagar,12.854054,77.769795,1.2031680130179963
Bengaluru,Infosys Head Quater,12.854054,77.788284,1.210580819463576
Bengaluru,Kumbalgodu State Forest,12.872072,77.4,0.9744131031762803
Bengaluru,Kumbalgodu State Forest,12.872072,77.41849,1.0050414195904809
Bengaluru,UNKNOWN,12.872072,77.436979,1.1217665691999672
Bengaluru,Kengeri,12.872072,77.455469,1.1733720428453351
Bengaluru,Venkatapura,12.872072,77.473959,1.09568367042001
Bengaluru,UNKNOWN,12.872072,77.492449,1.0015299750036726
Bengaluru,Banashankari Stage 6,12.872072,77.510938,1.0761184261006433
Bengaluru,Unknown,12.872072,77.529428,1.2324126953431767
Bengaluru,Vajarahalli Village,12.872072,77.547918,1.3668726032030474
Bengaluru,Unknown,12.872072,77.566408,1.2356365208449522
Bengaluru,Classic Orchards Layout,12.872072,77.584897,1.3248882339316401
Bengaluru,Hulimavu,12.872072,77.603387,1.3503829332826145
Bengaluru,Akshaya Residency,12.872072,77.621877,1.3712481205137095
Bengaluru,MM Layout,12.872072,77.640367,1.2862334007009102
Bengaluru,Naganathapura,12.872072,77.658856,1.470321599361778
Bengaluru,Rayasandra,12.872072,77.677346,1.470321599361778
Bengaluru,Gattahalli,12.872072,77.695836,1.470321599361778
Bengaluru,Chokkasandra,12.872072,77.714325,1.0958838468302055
Bengaluru,Chokkasandra,12.872072,77.732815,1.1059421735625237
Bengaluru,Dommasandra,12.872072,77.751305,1.145113716462927
Bengaluru,Unknown,12.872072,77.769795,1.1797666658628156
Bengaluru,Ittangur,12.872072,77.788284,1.1863452079519787
Bengaluru,"Rampura, Karnataka 562130, India",12.89009,77.4,0.9775400218057803
Bengaluru,Chikkellur,12.89009,77.41849,1.0411964473043964
Bengaluru,UNKNOWN,12.89009,77.436979,1.087046450256054
Bengaluru,Kengeri,12.89009,77.455469,1.1244853992997743
Bengaluru,Doddabele colony,12.89009,77.473959,1.145394802696833
Bengaluru,Jettigana Halli,12.89009,77.492449,1.1121863821523865
Bengaluru,Ganakal Village,12.89009,77.510938,1.096317629590204
Bengaluru,UNKNOWN,12.89009,77.529428,1.1539288381625594
Bengaluru,Vasanthapura,12.89009,77.547918,1.4067325894240819
Bengaluru,Ganapathipura,12.89009,77.566408,1.6262215786523155
Bengaluru,Wilson Garden Society,12.89009,77.584897,1.551654690365186
Bengaluru,Sarvabhoumanagar,12.89009,77.603387,1.5317649405264142
Bengaluru,Maruthi Layout,12.89009,77.621877,1.4680489216745554
Bengaluru,Krishna Reddy Industrial Area,12.89009,77.640367,1.4607548379643098
Bengaluru,Haralur,12.89009,77.658856,1.3980775453715413
Bengaluru,Choodasandra,12.89009,77.677346,1.3647033791764704
Bengaluru,Chikkakannalli,12.89009,77.695836,1.186265839328181
Bengaluru,UNKNOWN,12.89009,77.714325,1.2338970379837975
Bengaluru,Sulikunte,12.89009,77.732815,1.2214398212819977
Bengaluru,Hegondanahalli,12.89009,77.751305,1.1558390895797788
Bengaluru,UNKNOWN,12.89009,77.769795,1.13299697252855
Bengaluru,UNKNOWN,12.89009,77.788284,1.0591572055414793
Bengaluru,Baby Farms,12.908108,77.4,1.0302086210351944
Bengaluru,UNKNOWN,12.908108,77.41849,1.1061840662674716
Bengaluru,UNKNOWN,12.908108,77.436979,1.0265925471185855
Bengaluru,UNKNOWN,12.908108,77.455469,1.0540117255678119
Bengaluru,BSM Extension,12.908108,77.473959,1.3175952772100874
Bengaluru,Unknown,12.908108,77.492449,1.3905336811505453
Bengaluru,Hemmigepura Ward 198,12.908108,77.510938,1.2970390163261862
Bengaluru,Vaddara Palya,12.908108,77.529428,1.2970390163261862
Bengaluru,Vajpayee Nagar,12.908108,77.547918,1.2970390163261862
Bengaluru,Unknown,12.908108,77.566408,1.6319555678925177
Bengaluru,1st Phase,12.908108,77.584897,1.669940252318762
Bengaluru,Dollar Layout,12.908108,77.603387,1.669940252318762
Bengaluru,Roopena Agrahara,12.908108,77.621877,1.669940252318762
Bengaluru,Unknown,12.908108,77.640367,1.4075588642077344
Bengaluru,UNKNOWN,12.908108,77.658856,1.4125528468567128
Bengaluru,Kasavanahalli,12.908108,77.677346,1.7435693369108725
Bengaluru,Janatha Colony,12.908108,77.695836,1.494393301110282
Bengaluru,Chikkabellandur,12.908108,77.714325,1.2041976089400364
Bengaluru,Kachamaranahalli,12.908108,77.732815,1.1457963575880301
Bengaluru,Hegondanahalli,12.908108,77.751305,1.1462114179421405
Bengaluru,UNKNOWN,12.908108,77.769795,1.0263596674593516
Bengaluru,Unknown,12.908108,77.788284,1.0263596674593516
Bengaluru,UNKNOWN,12.89009,77.769795,1.13299697252855
Bengaluru,UNKNOWN,12.89009,77.788284,1.0591572055414793
Bengaluru,Baby Farms,12.908108,77.4,1.0302086210351944
Bengaluru,UNKNOWN,12.908108,77.41849,1.1061840662674716
Bengaluru,UNKNOWN,12.908108,77.436979,1.0265925471185855
Bengaluru,UNKNOWN,12.908108,77.455469,1.0540117255678119
Bengaluru,BSM Extension,12.908108,77.473959,1.3175952772100874
Bengaluru,Unknown,12.908108,77.492449,1.3905336811505453
Bengaluru,Hemmigepura Ward 198,12.908108,77.510938,1.2970390163261862
Bengaluru,Vaddara Palya,12.908108,77.529428,1.3397064970252137
Bengaluru,Vajpayee Nagar,12.908108,77.547918,1.543298448533739
Bengaluru,Unknown,12.908108,77.566408,1.6319555678925177
Bengaluru,1st Phase,12.908108,77.584897,1.669940252318762
Bengaluru,Dollar Layout,12.908108,77.603387,1.6254842639941613
Bengaluru,Roopena Agrahara,12.908108,77.621877,1.5755218426533406
Bengaluru,Unknown,12.908108,77.640367,1.4075588642077344
Bengaluru,UNKNOWN,12.908108,77.658856,1.4125528468567128
Bengaluru,Kasavanahalli,12.908108,77.677346,1.7435693369108725
Bengaluru,Janatha Colony,12.908108,77.695836,1.494393301110282
Bengaluru,Chikkabellandur,12.908108,77.714325,1.2041976089400364
Bengaluru,Kachamaranahalli,12.908108,77.732815,1.1457963575880301
Bengaluru,Hegondanahalli,12.908108,77.751305,1.1462114179421405
Bengaluru,UNKNOWN,12.908108,77.769795,1.0263596674593516
Bengaluru,Unknown,12.908108,77.788284,1.0241594948376829
Bengaluru,UNKNOWN,12.926126,77.4,1.026849524954805
Bengaluru,UNKNOWN,12.926126,77.41849,1.0343915432385982
Bengaluru,UNKNOWN,12.926126,77.436979,0.9783040580372154
Bengaluru,UNKNOWN,12.926126,77.455469,1.0084475971422486
Bengaluru,SMV Layout,12.926126,77.473959,1.1382186472523155
Bengaluru,Gnanabharathi,12.926126,77.492449,1.3453641572445947
Bengaluru,Kenchenhalli,12.926126,77.510938,1.399279776881256
Bengaluru,Bangarappanagar,12.926126,77.529428,1.401966396752681
Bengaluru,Ittamadu,12.926126,77.547918,1.7341261956818477
Bengaluru,Siddanna Layout,12.926126,77.566408,1.4875470423665416
Bengaluru,4th Block,12.926126,77.584897,1.674087475571365
Bengaluru,Bismillahnagar,12.926126,77.603387,1.576257085706147
Bengaluru,S.T. Bed,12.926126,77.621877,1.6287034881859812
Bengaluru,Block 1,12.926126,77.640367,1.4797830725094208
Bengaluru,UNKNOWN,12.926126,77.658856,1.322893137593829
Bengaluru,Bellandur,12.926126,77.677346,1.4972050457409032
Bengaluru,Bhoganhalli,12.926126,77.695836,1.5157799226008313
Bengaluru,Bhoganhalli,12.926126,77.714325,1.302560613483444
Bengaluru,Gunjur Village,12.926126,77.732815,1.1981273718829966
Bengaluru,UNKNOWN,12.926126,77.751305,1.181418972042704
Bengaluru,UNKNOWN,12.926126,77.769795,1.0517230383390253
Bengaluru,Janthagondahalli,12.926126,77.788284,1.002756593817113
Bengaluru,UNKNOWN,12.944144,77.4,1.0134964637455943
Bengaluru,UNKNOWN,12.944144,77.41849,0.9954392481334764
Bengaluru,UNKNOWN,12.944144,77.436979,0.9924610678972021
Bengaluru,UNKNOWN,12.944144,77.455469,1.0295107075081713
Bengaluru,Block 4,12.944144,77.473959,1.1004592903422976
Bengaluru,Jnanabharathi BDA Layout,12.944144,77.492449,1.2791147896611728
Bengaluru,Gnana Bharathi,12.944144,77.510938,1.2985643255342252
Bengaluru,Pantarapalya,12.944144,77.529428,1.4024331383752295
Bengaluru,Muneshwara Block,12.944144,77.547918,1.5102738557459106
Bengaluru,Gavipuram Extn,12.944144,77.566408,1.6080250804382894
Bengaluru,Mavalli,12.944144,77.584897,1.6762695227856823
Bengaluru,Pukhraj Layout,12.944144,77.603387,1.619458237041436
Bengaluru,KHB Games Village,12.944144,77.621877,1.5257888613893413
Bengaluru,UNKNOWN,12.944144,77.640367,1.5187162009816362
Bengaluru,Ambedkar Nagar,12.944144,77.658856,1.2304927384136375
Bengaluru,Belur Nagasandra,12.944144,77.677346,1.3628733545473382
Bengaluru,Kadubeesanahalli,12.944144,77.695836,1.3435902482538942
Bengaluru,Thubarahalli,12.944144,77.714325,1.348670597843023
Bengaluru,UNKNOWN,12.944144,77.732815,1.5492213118280764
Bengaluru,Varthur,12.944144,77.751305,1.3873719239111215
Bengaluru,UNKNOWN,12.944144,77.769795,1.0658792869027467
Bengaluru,Kotur,12.944144,77.788284,1.0362928245707717
Bengaluru,UNKNOWN,12.962162,77.4,1.0956832175195073
Bengaluru,UNKNOWN,12.962162,77.41849,1.0176432711924819
Bengaluru,UNKNOWN,12.962162,77.436979,1.0647866708226572
Bengaluru,Kannahalli,12.962162,77.455469,1.0543027651785895
Bengaluru,sonnenna halli,12.962162,77.473959,1.107267377034941
Bengaluru,Muneeshwara Block,12.962162,77.492449,1.2508082116516823
Bengaluru,2nd Stage,12.962162,77.510938,1.4085508623672507
Bengaluru,CHBS,12.962162,77.529428,1.4258515310207371
Bengaluru,Padarayana Pura,12.962162,77.547918,1.576418301133465
Bengaluru,Anandapuram,12.962162,77.566408,1.6778407256032535
Bengaluru,Sudhama Nagar,12.962162,77.584897,2.0059116335065514
Bengaluru,Richmond Town,12.962162,77.603387,1.9310181785770795
Bengaluru,Nagashettyhalli,12.962162,77.621877,1.6137996900213194
Bengaluru,Domlur I Stage,12.962162,77.640367,1.7137970164760896
Bengaluru,Nanja Reddy Colony,12.962162,77.658856,1.518030316259807
Bengaluru,Vimanapura,12.962162,77.677346,1.3927714981022188
Bengaluru,Sanjay Nagar,12.962162,77.695836,1.492763988082547
Bengaluru,E Block,12.962162,77.714325,1.6044840699649234
Bengaluru,Phase 1,12.962162,77.732815,1.595818891532286
Bengaluru,Prestige Ozone,12.962162,77.751305,1.4439038810851292
Bengaluru,UNKNOWN,12.962162,77.769795,1.173998986861684
Bengaluru,UNKNOWN,12.962162,77.788284,1.0057735292724184
Bengaluru,UNKNOWN,12.98018,77.4,1.027692512202457
Bengaluru,Honniganahatti,12.98018,77.41849,1.0591434260450256
Bengaluru,UNKNOWN,12.98018,77.436979,1.1139714159605374
Bengaluru,UNKNOWN,12.98018,77.455469,1.2035711030835503
Bengaluru,IInd Phase,12.98018,77.473959,1.2990467095942053
Bengaluru,Anjana Nagar,12.98018,77.492449,1.3208921073270512
Bengaluru,BDA Layout,12.98018,77.510938,1.3727463616565743
Bengaluru,Ranganathapura,12.98018,77.529428,1.4335353532799002
Bengaluru,Rajaji Nagar Industrial Town,12.98018,77.547918,1.6155150423103848
Bengaluru,M.G. Railway Colony,12.98018,77.566408,1.6173459916369284
Bengaluru,Racecourse,12.98018,77.584897,2.071222238747774
Bengaluru,Tasker Town,12.98018,77.603387,1.8405244803157774
Bengaluru,MV Garden,12.98018,77.621877,1.634538724592199
Bengaluru,Binnamangala,12.98018,77.640367,1.6117123285935282
Bengaluru,Viswa Vihar,12.98018,77.658856,1.59516382199779
Bengaluru,Balaji Layout,12.98018,77.677346,1.5108353969318051
Bengaluru,Ferns City,12.98018,77.695836,1.4207217859282455
Bengaluru,KIADB Export Promotion Industrial Area,12.98018,77.714325,1.447041109563698
Bengaluru,KIADB Export Promotion Industrial Area,12.98018,77.732815,1.595348251404371
Bengaluru,Whitefield,12.98018,77.751305,1.4979843494638692
Bengaluru,Channasandra,12.98018,77.769795,1.3053058632468395
Bengaluru,Thirumalashettyhally,12.98018,77.788284,1.1558674563763818
Bengaluru,UNKNOWN,12.998198,77.4,0.992328383769761
Bengaluru,UNKNOWN,12.998198,77.41849,1.0525580232014935
Bengaluru,Unknown,12.998198,77.436979,1.0840270142158217
Bengaluru,Bapagrama,12.998198,77.455469,1.206504948535236
Bengaluru,Yeswanthpur,12.998198,77.473959,1.3292836282078895
Bengaluru,Venkateshwara Layout,12.998198,77.492449,1.3595613051119004
Bengaluru,Kareemsab Nagar,12.998198,77.510938,1.444223554109637
Bengaluru,Kirloskar Colony,12.998198,77.529428,1.4143031572814642
Bengaluru,West of Chord Road,12.998198,77.547918,1.5760958589738845
Bengaluru,Malleshwaram,12.998198,77.566408,1.593100745870784
Bengaluru,Jayamahal,12.998198,77.584897,1.7324017822694586
Bengaluru,Byadarahalli,12.998198,77.603387,1.5693655440522472
Bengaluru,Cox Town,12.998198,77.621877,1.4409077469742773
Bengaluru,Block 1,12.998198,77.640367,1.6138370150067791
Bengaluru,NGEF Layout,12.998198,77.658856,1.500980021085025
Bengaluru,ITI Employess Housing Colony,12.998198,77.677346,1.4454538782089978
Bengaluru,Devasandra Industrial Estate,12.998198,77.695836,1.6406902126294165
Bengaluru,Ayyappa Nagar,12.998198,77.714325,1.7355264748671047
Bengaluru,Kodigehalli,12.998198,77.732815,1.6383183717830097
Bengaluru,Kumbena Agrahara,12.998198,77.751305,1.4966627052268078
Bengaluru,Kadugodi,12.998198,77.769795,1.2740342140467706
Bengaluru,Appajipura,12.998198,77.788284,1.2023970422992212
Bengaluru,Gollarapalya,13.016216,77.4,1.0367364098280176
Bengaluru,UNKNOWN,13.016216,77.41849,1.0265457724821005
Bengaluru,Kadabagere,13.016216,77.436979,1.0551756477204968
Bengaluru,K.G. Lakkenahalli,13.016216,77.455469,1.118698140026947
Bengaluru,UNKNOWN,13.016216,77.473959,1.2397849940483665
Bengaluru,Unknown,13.016216,77.492449,1.4326364966603211
Bengaluru,Rajagopala Nagar,13.016216,77.510938,1.5333512208110633
Bengaluru,Jenakal Siddeswara Nagar,13.016216,77.529428,1.4876152662276
Bengaluru,Yeshwanthpur Industrial Suburb,13.016216,77.547918,1.5857792813345222
Bengaluru,Mathikere,13.016216,77.566408,1.5456589092734483
Bengaluru,Armane Nagar,13.016216,77.584897,1.6541606892889749
Bengaluru,Modi Garden,13.016216,77.603387,1.5014289752612728
Bengaluru,Vinobha Nagar,13.016216,77.621877,1.4963145796369415
Bengaluru,Subbayianiah Palyam,13.016216,77.640367,1.4821267009381043
Bengaluru,Annaiah Reddy Layout,13.016216,77.658856,1.3929530696907824
Bengaluru,Eeriahana Palya,13.016216,77.677346,1.4720989204489898
Bengaluru,Krishnarajapuram,13.016216,77.695836,1.5090098001549945
Bengaluru,Hosabasavanapura,13.016216,77.714325,1.5479707552775652
Bengaluru,Virgonagar Industrial Estate,13.016216,77.732815,1.2734087777859722
Bengaluru,UNKNOWN,13.016216,77.751305,1.2642418201509107
Bengaluru,Krishnarajapuram,13.016216,77.769795,1.2089244473920435
Bengaluru,Appajipura,13.016216,77.788284,1.0903560978874582
Bengaluru,UNKNOWN,13.034234,77.4,1.007829220638733
Bengaluru,UNKNOWN,13.034234,77.41849,1.0105080154162003
Bengaluru,UNKNOWN,13.034234,77.436979,0.9959617786116586
Bengaluru,UNKNOWN,13.034234,77.455469,1.0501397271983344
Bengaluru,UNKNOWN,13.034234,77.473959,1.1752085345925913
Bengaluru,Doddabidarakallu,13.034234,77.492449,1.3735796768586952
Bengaluru,Nalagadderanahalli,13.034234,77.510938,1.5728828995166912
Bengaluru,Yesvanpur Surburb,13.034234,77.529428,1.6023384920454709
Bengaluru,Muthyala Nagar,13.034234,77.547918,1.4891237679960667
Bengaluru,AG's Layout,13.034234,77.566408,1.4892618722406397
Bengaluru,Sanjayanagara,13.034234,77.584897,1.62660637078619
Bengaluru,Seethappa Layout,13.034234,77.603387,1.5940492590727047
Bengaluru,Govindapura,13.034234,77.621877,1.4725758726201428
Bengaluru,Hennur Bande,13.034234,77.640367,1.595546743413222
Bengaluru,Horamavu Agara,13.034234,77.658856,1.4077051729678232
Bengaluru,Pooja Layout,13.034234,77.677346,1.2972918717411404
Bengaluru,Doddamuniswamy Reddy Layout,13.034234,77.695836,1.267881592325913
Bengaluru,Padmeshwari Nagar,13.034234,77.714325,1.2469709825060917
Bengaluru,Muneshwara Layout,13.034234,77.732815,1.2106575255853307
Bengaluru,Bidare Agraha,13.034234,77.751305,1.163267381391182
Bengaluru,Khajisonnanahalli,13.034234,77.769795,1.1371911271211612
Bengaluru,Poojena Agrahara,13.034234,77.788284,1.0889216068384935
Bengaluru,UNKNOWN,13.052252,77.4,0.9898895911699048
Bengaluru,UNKNOWN,13.052252,77.41849,0.9853247013014942
Bengaluru,UNKNOWN,13.052252,77.436979,1.02973840391835
Bengaluru,UNKNOWN,13.052252,77.455469,1.1961191377957616
Bengaluru,Madavara,13.052252,77.473959,1.1563934128815907
Bengaluru,Manjunatha Nagar,13.052252,77.492449,1.2814692871844036
Bengaluru,Bhuvaneshwari Nagar,13.052252,77.510938,1.480123434665652
Bengaluru,Siddhartha Nagar,13.052252,77.529428,1.382115518126453
Bengaluru,Stage 2,13.052252,77.547918,1.403406191628799
Bengaluru,Devinagar,13.052252,77.566408,1.394628590869708
Bengaluru,UNKNOWN,13.052252,77.584897,1.6155367344968703
Bengaluru,Coffee Board Layout,13.052252,77.603387,1.5694391762385913
Bengaluru,Manyata Residency,13.052252,77.621877,1.4432066187569164
Bengaluru,Hiremath Layout,13.052252,77.640367,1.507546249899415
Bengaluru,Unknown,13.052252,77.658856,1.3903640558765844
Bengaluru,UNKNOWN,13.052252,77.677346,1.2520166297884663
Bengaluru,Rampura,13.052252,77.695836,1.178499483776415
Bengaluru,UNKNOWN,13.052252,77.714325,1.147111678354037
Bengaluru,Cheemasandra,13.052252,77.732815,1.2075304009613606
Bengaluru,Nimbekaipura,13.052252,77.751305,1.301445002589388
Bengaluru,Huskur Kodi,13.052252,77.769795,1.1672636230849152
Bengaluru,Petanahalli,13.052252,77.788284,1.1416239564215158
Bengaluru,UNKNOWN,13.07027,77.4,1.044551114666202
Bengaluru,Arasinakunte,13.07027,77.41849,1.0350195312989359
Bengaluru,UNKNOWN,13.07027,77.436979,1.115652584613133
Bengaluru,UNKNOWN,13.07027,77.455469,1.2081424933823748
Bengaluru,Kuduregere Colony,13.07027,77.473959,1.1546622910415605
Bengaluru,TG Halli,13.07027,77.492449,1.2816722045031133
Bengaluru,Medaralli,13.07027,77.510938,1.3423281706187544
Bengaluru,devegowda enclave,13.07027,77.529428,1.255540261741276
Bengaluru,Govindayyanapalya,13.07027,77.547918,1.3719833874646765
Bengaluru,Lakeshore Garden,13.07027,77.566408,1.3375268619693264
Bengaluru,Rajiv Gandhi Nagar,13.07027,77.584897,1.4069413109471396
Bengaluru,Jakkuru Layout,13.07027,77.603387,1.529975631130174
Bengaluru,MCECHS Layout,13.07027,77.621877,1.256003938717203
Bengaluru,RK Hegde Nagar,13.07027,77.640367,1.4104336862675175
Bengaluru,Sonam Layout,13.07027,77.658856,1.253180394773209
Bengaluru,Anagalapura,13.07027,77.677346,1.1240943031769468
Bengaluru,UNKNOWN,13.07027,77.695836,1.1366908839254597
Bengaluru,UNKNOWN,13.07027,77.714325,1.1366908839254597
Bengaluru,Bommenahalli,13.07027,77.732815,1.1606066936674906
Bengaluru,UNKNOWN,13.07027,77.751305,1.1767440038124446
Bengaluru,UNKNOWN,13.07027,77.769795,1.137607528319016
Bengaluru,M V Extenstion,13.07027,77.788284,1.294142146206008
Bengaluru,UNKNOWN,13.088288,77.4,1.1958434962381361
Bengaluru,Keerthi layout,13.088288,77.41849,1.120299172586243
Bengaluru,Nagarur colony,13.088288,77.436979,1.0998201194124215
Bengaluru,UNKNOWN,13.088288,77.455469,1.124652815582077
Bengaluru,UNKNOWN,13.088288,77.473959,1.1169667879776204
Bengaluru,UNKNOWN,13.088288,77.492449,1.1850143698037279
Bengaluru,Ganigarahalli,13.088288,77.510938,1.1299403394205254
Bengaluru,Lakshmipura,13.088288,77.529428,1.2131663127600774
Bengaluru,Adityanagar,13.088288,77.547918,1.317168138543407
Bengaluru,UNKNOWN,13.088288,77.566408,1.22092253190908
Bengaluru,Janatha Colony,13.088288,77.584897,1.3289371412945266
Bengaluru,UAS Layout,13.088288,77.603387,1.3805552667452694
Bengaluru,Sampigehalli,13.088288,77.621877,1.2212229390355822
Bengaluru,Kannuru,13.088288,77.640367,1.3037002058601523
Bengaluru,Chikkagubbi Village,13.088288,77.658856,1.1907505000749246
Bengaluru,UNKNOWN,13.088288,77.677346,1.1117362005822509
Bengaluru,UNKNOWN,13.088288,77.695836,1.096782858594609
Bengaluru,UNKNOWN,13.088288,77.714325,1.0858528510616579
Bengaluru,UNKNOWN,13.088288,77.732815,1.0721636696866355
Bengaluru,UNKNOWN,13.088288,77.751305,1.1184626544596747
Bengaluru,Upparahalli,13.088288,77.769795,1.1904476775696593
Bengaluru,Hoskote,13.088288,77.788284,1.1336284145836737
Hyderabad,"67XX+RP9, Nagarguda - Shamshabad Rd, Telangana 501218, India",17.25,78.3,1.055042671521002
Hyderabad,Sultanpalle,17.25,78.31849,1.0213024228037964
Hyderabad,Chowdariguda,17.25,78.336979,1.0345041735282272
Hyderabad,UNKNOWN,17.25,78.355469,1.0249485458981706
Hyderabad,Thondapalli,17.25,78.373959,1.121980744844938
Hyderabad,UNKNOWN,17.25,78.392449,1.1788247275671035
Hyderabad,UNKNOWN,17.25,78.410938,1.1028610685682667
Hyderabad,UNKNOWN,17.25,78.429428,1.0830278614536788
Hyderabad,UNKNOWN,17.25,78.447918,1.083360231619222
Hyderabad,UNKNOWN,17.25,78.466408,1.0828636032548056
Hyderabad,Kurmalguda,17.25,78.484897,1.0570552946717486
Hyderabad,Kurmalguda,17.25,78.503387,1.0452994984097037
Hyderabad,Kurmalguda,17.25,78.521877,1.0714474835460057
Hyderabad,"7G2R+447, Telangana 501510, India",17.25,78.540367,1.0542716540213786
Hyderabad,Bongloor,17.25,78.558856,1.1450274690359832
Hyderabad,Manneguda,17.25,78.577346,1.1576181598123518
Hyderabad,Manneguda,17.25,78.595836,1.147446491749928
Hyderabad,Sultanpalle,17.268018,78.3,1.044468247534326
Hyderabad,Sultanpalle,17.268018,78.31849,1.014664418486025
Hyderabad,Ammapalle,17.268018,78.336979,1.0125671867830182
Hyderabad,UNKNOWN,17.268018,78.355469,1.0339965303728704
Hyderabad,UNKNOWN,17.268018,78.373959,1.1265766959941372
Hyderabad,Ranga Reddy Nagar,17.268018,78.392449,1.2025618945569772
Hyderabad,UNKNOWN,17.268018,78.410938,1.1037007204324956
Hyderabad,UNKNOWN,17.268018,78.429428,1.0551537598043808
Hyderabad,UNKNOWN,17.268018,78.447918,1.035672096420534
Hyderabad,Omer Colony,17.268018,78.466408,1.1319907373032003
Hyderabad,Kurmalguda,17.268018,78.484897,1.174977886550516
Hyderabad,Kurmalguda,17.268018,78.503387,1.0864164130708562
Hyderabad,UNKNOWN,17.268018,78.521877,1.075580801751473
Hyderabad,Nadargul,17.268018,78.540367,1.154931192086182
Hyderabad,"7H95+6G AV Nagar, Telangana, India",17.268018,78.558856,1.0859030569227535
Hyderabad,Turkayamjal,17.268018,78.577346,1.1450612954908959
Hyderabad,Hayathnagar,17.268018,78.595836,1.200668007985536
Hyderabad,Bakaram Jagir,17.286036,78.3,1.0456977566527315
Hyderabad,Bakaram,17.286036,78.31849,0.9972577996391274
Hyderabad,Kavaguda,17.286036,78.336979,0.9885855968137719
Hyderabad,UNKNOWN,17.286036,78.355469,1.0639705522895762
Hyderabad,UNKNOWN,17.286036,78.373959,1.0449227741734748
Hyderabad,Hayat Nagar,17.286036,78.392449,1.0435712738587855
Hyderabad,UNKNOWN,17.286036,78.410938,1.1260737046589229
Hyderabad,UNKNOWN,17.286036,78.429428,1.1088675366376965
Hyderabad,UNKNOWN,17.286036,78.447918,1.1082516869492272
Hyderabad,Wadi-E-Hadees,17.286036,78.466408,1.1214015217734625
Hyderabad,UNKNOWN,17.286036,78.484897,1.2075341759508418
Hyderabad,Balapur,17.286036,78.503387,1.1399095726801878
Hyderabad,UNKNOWN,17.286036,78.521877,1.15648904720457
Hyderabad,Dawoodkhanguda,17.286036,78.540367,1.1470265894620766
Hyderabad,Jai Suryapatnam,17.286036,78.558856,1.118006604817412
Hyderabad,Nadargul,17.286036,78.577346,1.2365523843190689
Hyderabad,Tarur,17.286036,78.595836,1.1756920926709011
Hyderabad,Bakaram Jagir,17.304054,78.3,1.0184595709375626
Hyderabad,Bangaliguda,17.304054,78.31849,1.0171518970503406
Hyderabad,Nagireddiguda,17.304054,78.336979,1.045035905955481
Hyderabad,Kismatpur,17.304054,78.355469,1.1320843093305324
Hyderabad,Kismatpur,17.304054,78.373959,1.1337552838889127
Hyderabad,Hayat Nagar,17.304054,78.392449,1.1139170610067863
Hyderabad,UNKNOWN,17.304054,78.410938,1.2153617136239208
Hyderabad,Telangana NGOS Colony,17.304054,78.429428,1.2149045931144826
Hyderabad,Laxmiguda Village,17.304054,78.447918,1.2093491548631503
Hyderabad,Ismail Nagar,17.304054,78.466408,1.156454421329052
Hyderabad,Iqbal Colony,17.304054,78.484897,1.1211700956424318
Hyderabad,Sri Venkateshwara Colony,17.304054,78.503387,1.1580065265515573
Hyderabad,Balaji Nagar,17.304054,78.521877,1.231879504062644
Hyderabad,UNKNOWN,17.304054,78.540367,1.1546892801427708
Hyderabad,UNKNOWN,17.304054,78.558856,1.2444667581185194
Hyderabad,UNKNOWN,17.304054,78.577346,1.2646587683308264
Hyderabad,UNKNOWN,17.304054,78.595836,1.2210975261107546
Hyderabad,Nazeebnagar,17.322072,78.3,1.0344597095088033
Hyderabad,Yenikepally,17.322072,78.31849,1.1069229181994231
Hyderabad,Bangaliguda,17.322072,78.336979,1.0572009163559029
Hyderabad,UNKNOWN,17.322072,78.355469,1.120268534978572
Hyderabad,Manasa Hills,17.322072,78.373959,1.1443587261720962
Hyderabad,Agricultural Research Institute Quarters,17.322072,78.392449,1.162905955564002
Hyderabad,Acharya Ng Ranga Agricultural University,17.322072,78.410938,1.152506527375959
Hyderabad,Adarsh Nagar,17.322072,78.429428,1.3455405906945432
Hyderabad,Mughal Colony,17.322072,78.447918,1.3396960685101664
Hyderabad,Hosnabad Colony,17.322072,78.466408,1.2502890393557853
Hyderabad,Maqbool Nagar,17.322072,78.484897,1.2547409754783783
Hyderabad,UNKNOWN,17.322072,78.503387,1.1276898558945967
Hyderabad,Pragathi Colony,17.322072,78.521877,1.3904549097291585
Hyderabad,Lakshmi Nagar Colony Park,17.322072,78.540367,1.2958441154482019
Hyderabad,Chaitanya Nagar,17.322072,78.558856,1.5123886562699502
Hyderabad,UNKNOWN,17.322072,78.577346,1.3085353708818661
Hyderabad,Gayatri Nagar Colony,17.322072,78.595836,1.2773517855994034
Hyderabad,Himayatnagar,17.34009,78.3,1.1176508039149575
Hyderabad,v Moinabad (m,17.34009,78.31849,1.1357043335790467
Hyderabad,Aziznagar,17.34009,78.336979,1.093232005712524
Hyderabad,UNKNOWN,17.34009,78.355469,1.0947956652804627
Hyderabad,Abhyudaya Nagar,17.34009,78.373959,1.1824638470913853
Hyderabad,Abhyudaya Nagar,17.34009,78.392449,1.2159510514213505
Hyderabad,UNKNOWN,17.34009,78.410938,1.2463329117543112
Hyderabad,Suleman Nagar,17.34009,78.429428,1.2377918523051759
Hyderabad,Basti Nabi Kareem,17.34009,78.447918,1.1691096994499528
Hyderabad,Char Chaman Colony,17.34009,78.466408,1.217926549988105
Hyderabad,Uppuguda,17.34009,78.484897,1.2841260025923873
Hyderabad,Kanchan Bagh,17.34009,78.503387,1.237307911372481
Hyderabad,New Maruthi Nagar,17.34009,78.521877,1.3014932466489597
Hyderabad,Madhava Nagar,17.34009,78.540367,1.397761950069106
Hyderabad,Abhyudaya Nagar,17.34009,78.558856,1.3342586387032116
Hyderabad,Indira Nagar,17.34009,78.577346,1.251151211451224
Hyderabad,Teachers Colony,17.34009,78.595836,1.2519647749869327
Hyderabad,Chilkoor,17.358108,78.3,1.027508132206876
Hyderabad,Narsingi,17.358108,78.31849,1.0964546417025398
Hyderabad,UNKNOWN,17.358108,78.336979,1.0756616186279693
Hyderabad,UNKNOWN,17.358108,78.355469,1.0955027887251447
Hyderabad,UNKNOWN,17.358108,78.373959,1.282575548497581
Hyderabad,UNKNOWN,17.358108,78.392449,1.3526510102408094
Hyderabad,Golden Heights Colony,17.358108,78.410938,1.3315523661077446
Hyderabad,Sai Hills Colony,17.358108,78.429428,1.2626279247991772
Hyderabad,Mannans Colony,17.358108,78.447918,1.2626251295472877
Hyderabad,Shah Gunj,17.358108,78.466408,1.3802763224589174
Hyderabad,Dhobi Ghat,17.358108,78.484897,1.2824231412915474
Hyderabad,Madannapet Colony,17.358108,78.503387,1.3342294736283022
Hyderabad,Saraswathi Nagar,17.358108,78.521877,1.2874690008049399
Hyderabad,Kranthi nagar Colony,17.358108,78.540367,1.487477626402209
Hyderabad,Sai Nagar,17.358108,78.558856,1.3887474155885422
Hyderabad,UNKNOWN,17.358108,78.577346,1.2399660787830942
Hyderabad,Auto Nagar,17.358108,78.595836,1.131784505241398
Hyderabad,Narsingi,17.376126,78.3,1.1087193557604846
Hyderabad,UNKNOWN,17.376126,78.31849,1.1063753133317358
Hyderabad,Narsingi,17.376126,78.336979,1.1126599725636732
Hyderabad,Manchirevula,17.376126,78.355469,1.1854398597482156
Hyderabad,Ibrahim Bagh,17.376126,78.373959,1.233341511726547
Hyderabad,Ramdev Guda,17.376126,78.392449,1.3029615973156554
Hyderabad,Saleh Nagar,17.376126,78.410938,1.3708764083386924
Hyderabad,Bapu Nagar,17.376126,78.429428,1.3334700316623924
Hyderabad,Tappachabutra,17.376126,78.447918,1.3355130615457318
Hyderabad,Gyan Bagh Colony,17.376126,78.466408,1.5959182547616462
Hyderabad,Imlibun,17.376126,78.484897,1.5589519486482146
Hyderabad,MCH Colony,17.376126,78.503387,1.4412152851469446
Hyderabad,Sarita Arcade,17.376126,78.521877,1.4197865553192583
Hyderabad,Phanigiri Colony,17.376126,78.540367,1.4517047549079083
Hyderabad,Hanuman Gardens,17.376126,78.558856,1.3280144804908094
Hyderabad,Nagole,17.376126,78.577346,1.2839422485475456
Hyderabad,UNKNOWN,17.376126,78.595836,1.1061290408065099
Hyderabad,UNKNOWN,17.394144,78.3,1.0719853266859616
Hyderabad,Kokapet,17.394144,78.31849,1.1136542432332754
Hyderabad,Kokapet,17.394144,78.336979,1.2103300246620727
Hyderabad,Narsingi,17.394144,78.355469,1.5021942303798819
Hyderabad,Huda,17.394144,78.373959,1.3303801529129222
Hyderabad,G K Enclave,17.394144,78.392449,1.2828376607218215
Hyderabad,Neeraj Colony,17.394144,78.410938,1.3487510448227098
Hyderabad,Rethibowli,17.394144,78.429428,1.7523683067387625
Hyderabad,Venkatadri Colony,17.394144,78.447918,1.5726748454512784
Hyderabad,Devi Bagh,17.394144,78.466408,1.5107670043488803
Hyderabad,Ramkoti,17.394144,78.484897,1.6094415930864385
Hyderabad,Ratna Nagar,17.394144,78.503387,1.596076650219546
Hyderabad,Turab Nagar,17.394144,78.521877,1.258521747442576
Hyderabad,Indira Nagar,17.394144,78.540367,1.4534185212754631
Hyderabad,Survey Colony,17.394144,78.558856,1.3479031690177272
Hyderabad,Gayatri Nagar,17.394144,78.577346,1.3198321780839422
Hyderabad,Sai Nagar Colony,17.394144,78.595836,1.3183342837156642
Hyderabad,Vattinagulapally,17.412162,78.3,1.0588621302781853
Hyderabad,UNKNOWN,17.412162,78.31849,1.1483473954370105
Hyderabad,Financial District,17.412162,78.336979,1.290364054535427
Hyderabad,Khajaguda,17.412162,78.355469,1.3196795122843081
Hyderabad,Chitrapuri Colony,17.412162,78.373959,1.3040954395627193
Hyderabad,Laxman Bagh,17.412162,78.392449,1.3807624096005051
Hyderabad,Film Nagar,17.412162,78.410938,1.4365056469563786
Hyderabad,NBT Nagar,17.412162,78.429428,1.753497196314879
Hyderabad,Mithila Nagar,17.412162,78.447918,2.0438743548995935
Hyderabad,Central Secretariat,17.412162,78.466408,1.6260067066093848
Hyderabad,Lower Tank Bund,17.412162,78.484897,1.4290723098480498
Hyderabad,Musheerabad,17.412162,78.503387,1.5115762170641813
Hyderabad,Osmania University,17.412162,78.521877,1.230869753350166
Hyderabad,Kakateeya Nagar,17.412162,78.540367,1.5064322869710294
Hyderabad,Bank Colony,17.412162,78.558856,1.5455995010883805
Hyderabad,Shree Venkateshwara Colony,17.412162,78.577346,1.4333472578696305
Hyderabad,P&T Colony,17.412162,78.595836,1.4129777090741238
Hyderabad,Gachibowli,17.43018,78.3,1.1532032729375867
Hyderabad,Journalists Colony Phase 3,17.43018,78.31849,1.254707955234139
Hyderabad,UNKNOWN,17.43018,78.336979,1.5412235177138083
Hyderabad,Gueie,17.43018,78.355469,1.4311565641597503
Hyderabad,Lumbini Avenue,17.43018,78.373959,1.5655559559203973
Hyderabad,Masthan Nagar,17.43018,78.392449,1.4684164757688905
Hyderabad,Jubilee Hills,17.43018,78.410938,1.6999357994914623
Hyderabad,Sri Nagar Colony,17.43018,78.429428,1.9446649201268678
Hyderabad,Nagarjuna Nagar colony,17.43018,78.447918,1.8797961651132362
Hyderabad,UNKNOWN,17.43018,78.466408,1.4697241539719246
Hyderabad,UNKNOWN,17.43018,78.484897,1.5196557642420734
Hyderabad,Railway Officer Colony,17.43018,78.503387,1.529636906578774
Hyderabad,Lallaguda Railway Colony,17.43018,78.521877,1.4209025954328394
Hyderabad,Sidhartha Nagar,17.43018,78.540367,1.6005327026270846
Hyderabad,Raghavendra Nagar,17.43018,78.558856,1.4022200832735285
Hyderabad,Ambedkar Nagar,17.43018,78.577346,1.337352725059107
Hyderabad,Telephone Colony,17.43018,78.595836,1.23902236330948
Hyderabad,Tellapur,17.448198,78.3,1.21658082368122
Hyderabad,UNKNOWN,17.448198,78.31849,1.2149093713018464
Hyderabad,UNKNOWN,17.448198,78.336979,1.36752551653467
Hyderabad,Indira Nagar,17.448198,78.355469,1.5288779039715246
Hyderabad,Phase 2,17.448198,78.373959,1.7899018028896203
Hyderabad,Mega Hills,17.448198,78.392449,1.6754388427915774
Hyderabad,Borabanda,17.448198,78.410938,1.4494204593981808
Hyderabad,AG Colony,17.448198,78.429428,1.4619432268506234
Hyderabad,BK Guda,17.448198,78.447918,1.5129931077654908
Hyderabad,Begumpet,17.448198,78.466408,1.551352355242697
Hyderabad,Balamrai,17.448198,78.484897,1.6430794566331992
Hyderabad,Nehru Nagar Colony,17.448198,78.503387,1.5773041958406646
Hyderabad,Mahendra Hills,17.448198,78.521877,1.3762614737921057
Hyderabad,Venkateswara Nagar,17.448198,78.540367,1.3321894320190075
Hyderabad,Aphb Colony,17.448198,78.558856,1.4155607663379586
Hyderabad,Ashok Nagar,17.448198,78.577346,1.3404551231478576
Hyderabad,Mallapur,17.448198,78.595836,1.244070086200499
Hyderabad,UNKNOWN,17.466216,78.3,1.3540537708019897
Hyderabad,UNKNOWN,17.466216,78.31849,1.434202894298926
Hyderabad,NCB Enclave,17.466216,78.336979,1.3376473819313883
Hyderabad,Raja Rajeshwara Nagar,17.466216,78.355469,1.5312122347788477
Hyderabad,KPHB 5th Phase,17.466216,78.373959,1.5391538698320302
Hyderabad,KPHB Phase 15,17.466216,78.392449,1.5938647147322353
Hyderabad,Bhavani Nagar,17.466216,78.410938,1.58619776970109
Hyderabad,Bharat Nagar,17.466216,78.429428,1.454179425262288
Hyderabad,Balanagar,17.466216,78.447918,1.4902561265521115
Hyderabad,Mohammed Nagar,17.466216,78.466408,1.5788824469065514
Hyderabad,SAIL Colony,17.466216,78.484897,1.4432730181753493
Hyderabad,Surya nagar,17.466216,78.503387,1.4870060305204975
Hyderabad,Secunderabad,17.466216,78.521877,1.386505281189969
Hyderabad,Shri Niwas State,17.466216,78.540367,1.3954223062839304
Hyderabad,Mughal Colony,17.466216,78.558856,1.3387169711108
Hyderabad,ECIL,17.466216,78.577346,1.4489653966163598
Hyderabad,B N Reddy Nagar,17.466216,78.595836,1.291337709458966
Hyderabad,MIG Phase I,17.484234,78.3,1.435821344498599
Hyderabad,Venkat Reddy Colony,17.484234,78.31849,1.529198700037629
Hyderabad,Narne Estates,17.484234,78.336979,1.462362068125189
Hyderabad,APGOs Coop HSG Society,17.484234,78.355469,1.5901973646142926
Hyderabad,Hafeezpet,17.484234,78.373959,1.4886115321562068
Hyderabad,Kukatpally Housing Board Colony,17.484234,78.392449,1.4333302121661127
Hyderabad,Balaji Nagar,17.484234,78.410938,1.5810749895176501
Hyderabad,Mythri Nagar,17.484234,78.429428,1.5133134271519915
Hyderabad,Adarsh Nagar,17.484234,78.447918,1.4376460340097228
Hyderabad,UNKNOWN,17.484234,78.466408,1.552841164628308
Hyderabad,Samatha Nagar,17.484234,78.484897,1.3361288644207894
Hyderabad,Golla Guda,17.484234,78.503387,1.3692943284041852
Hyderabad,Ward No 7 Secunderabad,17.484234,78.521877,1.2446814182708494
Hyderabad,A.N Colony,17.484234,78.540367,1.3456649535111986
Hyderabad,Bhaskar Rao Bahar Colony,17.484234,78.558856,1.488711875534506
Hyderabad,Bharat Nagar Colony,17.484234,78.577346,1.5503092616368037
Hyderabad,Bapuji Nagar,17.484234,78.595836,1.3885254809827157
Hyderabad,Bharat Heavy Electricals Limited,17.502252,78.3,1.4534351490071455
Hyderabad,Vidya Nagar Colony,17.502252,78.31849,1.4610436266994853
Hyderabad,Deepthisri Nagar,17.502252,78.336979,1.4294528109534523
Hyderabad,Alluri Seetha Ramaraju Nagar,17.502252,78.355469,1.6311888124677312
Hyderabad,Nadigada Tanda,17.502252,78.373959,1.5369622315881162
Hyderabad,Sreenivasa Nagar,17.502252,78.392449,1.680899000363045
Hyderabad,Navodaya Colony,17.502252,78.410938,1.584241447193815
Hyderabad,Beerappa Nagar,17.502252,78.429428,1.4768527720586417
Hyderabad,UNKNOWN,17.502252,78.447918,1.5986147571137386
Hyderabad,Auronautic Enclave,17.502252,78.466408,1.5290835363903557
Hyderabad,Alwal,17.502252,78.484897,1.4408942414351134
Hyderabad,Dinakar Nagar,17.502252,78.503387,1.4798566621185865
Hyderabad,Bolarum,17.502252,78.521877,1.3075844906362895
Hyderabad,Employees Colony,17.502252,78.540367,1.3193047757201657
Hyderabad,Overseas Gardens,17.502252,78.558856,1.2226927913683214
Hyderabad,Saket,17.502252,78.577346,1.2436727578552946
Hyderabad,Dammaiguda,17.502252,78.595836,1.3145756802431179
Hyderabad,Vandanapuri Colony,17.52027,78.3,1.3755313953009891
Hyderabad,Ameenpur,17.52027,78.31849,1.3065197440923482
Hyderabad,UNKNOWN,17.52027,78.336979,1.2277385325326013
Hyderabad,Reddy Colony,17.52027,78.355469,1.3551522766264759
Hyderabad,Krishnaja Hills,17.52027,78.373959,1.3363265911313456
Hyderabad,prashanti Hills,17.52027,78.392449,1.438145039668421
Hyderabad,Mahadevpur Colony,17.52027,78.410938,1.355692536064064
Hyderabad,UNKNOWN,17.52027,78.429428,1.4243364782592178
Hyderabad,IDA Jeedimetla,17.52027,78.447918,1.4425261101053093
Hyderabad,IDA Jeedimetla,17.52027,78.466408,1.4451452783581678
Hyderabad,Caton Residential Township,17.52027,78.484897,1.335848315094149
Hyderabad,Shivanagar Colony,17.52027,78.503387,1.306957015316061
Hyderabad,Bison Environmental Park,17.52027,78.521877,1.267431200171057
Hyderabad,Kowkoor,17.52027,78.540367,1.2201523255560154
Hyderabad,Chandrapuri Colony,17.52027,78.558856,1.2169134082238933
Hyderabad,Ambedkar Nagar,17.52027,78.577346,1.0691540914074003
Hyderabad,Secunderabad,17.52027,78.595836,1.0995592272853312
Hyderabad,Raghavendra Colony,17.538288,78.3,1.2199451754050994
Hyderabad,UNKNOWN,17.538288,78.31849,1.1887401998561586
Hyderabad,Ameenpur,17.538288,78.336979,1.1940829547595408
Hyderabad,Bollaram Industrial Area,17.538288,78.355469,1.349422068648175
Hyderabad,Bachupally,17.538288,78.373959,1.324691884892091
Hyderabad,Vasanth Nagar Colony,17.538288,78.392449,1.24319444854097
Hyderabad,Lalsahebpet,17.538288,78.410938,1.221868118328394
Hyderabad,Sivalaya Nagar Colony,17.538288,78.429428,1.4092172137255017
Hyderabad,Suraram,17.538288,78.447918,1.3425507208972731
Hyderabad,Jaibery Colony,17.538288,78.466408,1.286898283719144
Hyderabad,Secunderabad,17.538288,78.503387,1.2129674956771992
Hyderabad,Rizala Bazar,17.538288,78.521877,1.2165908636907254
Hyderabad,Bharat Nagar,17.538288,78.540367,1.1989418636044948
Hyderabad,Hakimpet,17.538288,78.558856,1.005815052589653
Hyderabad,CRPF,17.538288,78.577346,1.0377901220895815
Hyderabad,Secunderabad,17.538288,78.595836,1.0439319260903372
