city,radius_km,bearing_deg,time_label,origin_lat,origin_lon,dest_lat,dest_lon,normal_duration_sec,traffic_duration_sec,congestion_ratio
"Hyderabad, India",5,0,freeflow,17.40576695104474,78.4740613,17.315410845086753,78.4740613,2349,1890,0.8045977011494253
"Hyderabad, India",5,0,peak,17.40576695104474,78.4740613,17.315410845086753,78.4740613,2523,2799,1.1093935790725327
"Hyderabad, India",5,45,freeflow,17.392531887376194,78.5073332570907,17.328640476308422,78.44080086919993,2358,1910,0.8100084817642069
"Hyderabad, India",5,45,peak,17.392531887376194,78.5073332570907,17.328640476308422,78.44080086919993,2358,2604,1.104325699745547
"Hyderabad, India",5,90,freeflow,17.360583465620337,78.52110679591817,17.360583465620337,78.42701580408183,2499,1793,0.7174869947979192
"Hyderabad, India",5,90,peak,17.360583465620337,78.52110679591817,17.360583465620337,78.42701580408183,2493,2604,1.0445246690734056
"Hyderabad, India",5,135,freeflow,17.328640476308422,78.50732173080007,17.392531887376194,78.4407893429093,2784,1945,0.6986350574712644
"Hyderabad, India",5,135,peak,17.328640476308422,78.50732173080007,17.392531887376194,78.4407893429093,2784,2962,1.0639367816091954
"Hyderabad, India",5,180,freeflow,17.315410845086753,78.4740613,17.40576695104474,78.4740613,2594,1967,0.7582883577486508
"Hyderabad, India",5,180,peak,17.315410845086753,78.4740613,17.40576695104474,78.4740613,2594,2826,1.089437162683115
"Hyderabad, India",5,225,freeflow,17.328640476308422,78.44080086919993,17.392531887376194,78.5073332570907,2380,1856,0.7798319327731092
"Hyderabad, India",5,225,peak,17.328640476308422,78.44080086919993,17.392531887376194,78.5073332570907,2380,2699,1.1340336134453781
"Hyderabad, India",5,270,freeflow,17.360583465620337,78.42701580408183,17.360583465620337,78.52110679591817,2268,1876,0.8271604938271605
"Hyderabad, India",5,270,peak,17.360583465620337,78.42701580408183,17.360583465620337,78.52110679591817,2268,2592,1.1428571428571428
"Hyderabad, India",5,315,freeflow,17.392531887376194,78.4407893429093,17.328640476308422,78.50732173080007,2397,1796,0.7492699207342511
"Hyderabad, India",5,315,peak,17.392531887376194,78.4407893429093,17.328640476308422,78.50732173080007,2397,2742,1.143929912390488
"Hyderabad, India",10,0,freeflow,17.45094469775852,78.4740613,17.270232486767966,78.4740613,3609,2703,0.7489609310058188
"Hyderabad, India",10,0,peak,17.45094469775852,78.4740613,17.270232486767966,78.4740613,3609,4082,1.1310612357993903
"Hyderabad, India",10,45,freeflow,17.424469125573125,78.54061676502958,17.29668632915236,78.4075519401471,3696,2999,0.8114177489177489
"Hyderabad, India",10,45,peak,17.424469125573125,78.54061676502958,17.29668632915236,78.4075519401471,3696,4032,1.0909090909090908
"Hyderabad, India",10,90,freeflow,17.36056686248575,78.56815228618841,17.36056686248575,78.3799703138116,3809,2922,0.7671304804410607
"Hyderabad, India",10,90,peak,17.36056686248575,78.56815228618841,17.36056686248575,78.3799703138116,3809,3904,1.0249409293777894
"Hyderabad, India",10,135,freeflow,17.29668632915236,78.5405706598529,17.424469125573125,78.40750583497042,4313,3225,0.747739392534199
"Hyderabad, India",10,135,peak,17.29668632915236,78.5405706598529,17.424469125573125,78.40750583497042,4130,4391,1.0631961259079903
"Hyderabad, India",10,180,freeflow,17.270232486767966,78.4740613,17.45094469775852,78.4740613,3557,2832,0.796176553275232
"Hyderabad, India",10,180,peak,17.270232486767966,78.4740613,17.45094469775852,78.4740613,4227,4824,1.141234918381831
"Hyderabad, India",10,225,freeflow,17.29668632915236,78.4075519401471,17.424469125573125,78.54061676502958,3412,2672,0.7831184056271981
"Hyderabad, India",10,225,peak,17.29668632915236,78.4075519401471,17.424469125573125,78.54061676502958,3412,4115,1.2060375146541618
"Hyderabad, India",10,270,freeflow,17.36056686248575,78.3799703138116,17.36056686248575,78.56815228618841,3621,2728,0.7533830433581884
"Hyderabad, India",10,270,peak,17.36056686248575,78.3799703138116,17.36056686248575,78.56815228618841,3621,4171,1.151891742612538
"Hyderabad, India",10,315,freeflow,17.424469125573125,78.40750583497042,17.29668632915236,78.5405706598529,4570,3366,0.7365426695842451
"Hyderabad, India",10,315,peak,17.424469125573125,78.40750583497042,17.29668632915236,78.5405706598529,4123,4613,1.1188455008488964
"Hyderabad, India",20,0,freeflow,17.541299576345942,78.4740613,17.17987516176828,78.4740613,4698,4310,0.9174116645381013
"Hyderabad, India",20,0,peak,17.541299576345942,78.4740613,17.17987516176828,78.4740613,4698,4256,0.9059174116645381
"Hyderabad, India",20,45,freeflow,17.488326602908675,78.60721853175293,17.23276121578578,78.34108848918035,4617,4228,0.9157461555122374
"Hyderabad, India",20,45,peak,17.488326602908675,78.60721853175293,17.23276121578578,78.34108848918035,4617,4086,0.884990253411306
"Hyderabad, India",20,90,freeflow,17.360500450013383,78.66224322719334,17.360500450013383,78.28587937280666,4662,4199,0.9006864006864007
"Hyderabad, India",20,90,peak,17.360500450013383,78.66224322719334,17.360500450013383,78.28587937280666,4662,4342,0.9313599313599313
"Hyderabad, India",20,135,freeflow,17.23276121578578,78.60703411081965,17.488326602908675,78.34090406824707,4017,3490,0.8688075678366941
"Hyderabad, India",20,135,peak,17.23276121578578,78.60703411081965,17.488326602908675,78.34090406824707,4017,4378,1.0898680607418472
"Hyderabad, India",20,180,freeflow,17.17987516176828,78.4740613,17.541299576345942,78.4740613,4876,4360,0.8941755537325676
"Hyderabad, India",20,180,peak,17.17987516176828,78.4740613,17.541299576345942,78.4740613,4876,4470,0.916735028712059
"Hyderabad, India",20,225,freeflow,17.23276121578578,78.34108848918035,17.488326602908675,78.60721853175293,4472,4232,0.9463327370304114
"Hyderabad, India",20,225,peak,17.23276121578578,78.34108848918035,17.488326602908675,78.60721853175293,4472,4253,0.9510286225402504
"Hyderabad, India",20,270,freeflow,17.360500450013383,78.28587937280666,17.360500450013383,78.66224322719334,4671,4344,0.9299935773924213
"Hyderabad, India",20,270,peak,17.360500450013383,78.28587937280666,17.360500450013383,78.66224322719334,4671,4523,0.9683151359451937
"Hyderabad, India",20,315,freeflow,17.488326602908675,78.34090406824707,17.23276121578578,78.60703411081965,4412,3953,0.8959655485040798
"Hyderabad, India",20,315,peak,17.488326602908675,78.34090406824707,17.23276121578578,78.60703411081965,4412,4502,1.0203989120580235
